Timestamp,Level,SourceFile,LogMessage,MostMatchedRule,MessageLevels
2026/01/25 - 15:55:50,ERROR,/var/log/syslog,2026-01-25T15:55:50.393865+03:00 creemanPC pipewire[1335]: mod.jackdbus-detect: Failed to receive jackdbus reply: org.freedesktop.DBus.Error.ServiceUnknown: The name org.jackaudio.service was not provided by any .service files,Cron Job,WARNING:575;DEBUG:30012;INFO:2981;ERROR:285
2026/01/25 - 15:55:50,ERROR,/var/log/syslog,2026-01-25T15:55:50.931020+03:00 creemanPC wireplumber[1337]: <WpPortalPermissionStorePlugin:0x596c5606f6a0> Failed to call Lookup: GDBus.Error:org.freedesktop.portal.Error.NotFound: No entry for camera,Cron Job,WARNING:575;DEBUG:30012;INFO:2981;ERROR:285
2026/01/25 - 15:55:54,ERROR,/var/log/syslog,"2026-01-25T15:55:54.371717+03:00 creemanPC dockerd[1877]: time=""2026-01-25T15:55:54.371286652+03:00"" level=info msg=""Deleting nftables IPv4 rules"" error=""exit status 1""",Cron Job,WARNING:575;DEBUG:30012;INFO:2981;ERROR:285
2026/01/25 - 15:55:54,ERROR,/var/log/syslog,"2026-01-25T15:55:54.392612+03:00 creemanPC dockerd[1877]: time=""2026-01-25T15:55:54.392303197+03:00"" level=info msg=""Deleting nftables IPv6 rules"" error=""exit status 1""",Cron Job,WARNING:575;DEBUG:30012;INFO:2981;ERROR:285
2026/01/25 - 15:55:55,ERROR,/var/log/syslog,"2026-01-25T15:55:55.340747+03:00 creemanPC systemd[1]: casper-md5check.service: Main process exited, code=exited, status=1/FAILURE",Cron Job,WARNING:575;DEBUG:30012;INFO:2981;ERROR:285
2026/01/25 - 18:30:09,ERROR,/var/log/syslog,2026-01-25T18:30:09.607179+03:00 creemanPC cinnamon-screensaver-pam-helper: pam_ecryptfs: seteuid error,Cron Job,WARNING:575;DEBUG:30012;INFO:2981;ERROR:285
2026/01/25 - 18:30:39,ERROR,/var/log/syslog,2026-01-25T18:30:39.681763+03:00 creemanPC org.cinnamon.ScreenSaver[43214]: Error in sys.excepthook:,Cron Job,WARNING:575;DEBUG:30012;INFO:2981;ERROR:285
2026/01/25 - 18:30:39,ERROR,/var/log/syslog,2026-01-25T18:30:39.682213+03:00 creemanPC org.cinnamon.ScreenSaver[43214]: Error in sys.excepthook:,Cron Job,WARNING:575;DEBUG:30012;INFO:2981;ERROR:285
2026/01/25 - 18:30:39,ERROR,/var/log/syslog,2026-01-25T18:30:39.682261+03:00 creemanPC org.cinnamon.ScreenSaver[43214]: Error in sys.excepthook:,Cron Job,WARNING:575;DEBUG:30012;INFO:2981;ERROR:285
2026/01/25 - 20:52:35,ERROR,/var/log/syslog,2026-01-25T20:52:35.525254+03:00 creemanPC gvfsd-network[80628]: Couldn't create directory monitor on wsdd:///. Error: Automount failed: Failed to spawn the underlying wsdd daemon.,Cron Job,WARNING:575;DEBUG:30012;INFO:2981;ERROR:285
2026/01/25 - 22:45:02,ERROR,/var/log/syslog,2026-01-25T22:45:02.284731+03:00 creemanPC cinnamon-screensaver-pam-helper: pam_ecryptfs: seteuid error,Cron Job,WARNING:575;DEBUG:30012;INFO:2981;ERROR:285
2026/01/25 - 22:45:11,ERROR,/var/log/syslog,"2026-01-25T22:45:11.820066+03:00 creemanPC dockerd[1877]: time=""2026-01-25T22:45:11.819829234+03:00"" level=info msg=""stopping event stream following graceful shutdown"" error=""<nil>"" module=libcontainerd namespace=moby",Cron Job,WARNING:575;DEBUG:30012;INFO:2981;ERROR:285
2026/01/26 - 16:04:43,ERROR,/var/log/syslog,"2026-01-26T16:04:43.235460+03:00 creemanPC kernel: ACPI BIOS Error (bug): Could not resolve symbol [\_SB.PC00.RP08.CMDR], AE_NOT_FOUND (20230628/psargs-332)",Cron Job,WARNING:575;DEBUG:30012;INFO:2981;ERROR:285
2026/01/26 - 16:04:43,ERROR,/var/log/syslog,2026-01-26T16:04:43.235615+03:00 creemanPC kernel: ACPI Error: Aborting method \_SB.PC00.RP05.PCRP._ON due to previous error (AE_NOT_FOUND) (20230628/psparse-529),Cron Job,WARNING:575;DEBUG:30012;INFO:2981;ERROR:285
2026/01/26 - 16:04:43,ERROR,/var/log/syslog,2026-01-26T16:04:43.237082+03:00 creemanPC kernel: unchecked MSR access error: WRMSR to 0xd10 (tried to write 0x000000000000ffff) at rIP: 0xffffffffac4c6c04 (native_write_msr+0x4/0x40),Cron Job,WARNING:575;DEBUG:30012;INFO:2981;ERROR:285
2026/01/26 - 16:04:43,ERROR,/var/log/syslog,2026-01-26T16:04:43.238649+03:00 creemanPC kernel: EDAC igen6 MC1: HANDLING IBECC MEMORY ERROR,Cron Job,WARNING:575;DEBUG:30012;INFO:2981;ERROR:285
2026/01/26 - 16:04:43,ERROR,/var/log/syslog,2026-01-26T16:04:43.238653+03:00 creemanPC kernel: EDAC igen6 MC0: HANDLING IBECC MEMORY ERROR,Cron Job,WARNING:575;DEBUG:30012;INFO:2981;ERROR:285
2026/01/26 - 16:04:43,ERROR,/var/log/syslog,2026-01-26T16:04:43.239043+03:00 creemanPC kernel: iwlwifi: probe of 0000:00:14.3 failed with error -110,Cron Job,WARNING:575;DEBUG:30012;INFO:2981;ERROR:285
2026/01/26 - 16:04:43,ERROR,/var/log/syslog,2026-01-26T16:04:43.240087+03:00 creemanPC kernel: Bluetooth: hci0: FW download error recovery failed (-19),Cron Job,WARNING:575;DEBUG:30012;INFO:2981;ERROR:285
2026/01/26 - 16:04:43,ERROR,/var/log/syslog,"2026-01-26T16:04:43.241475+03:00 creemanPC kernel: usb 3-10: device descriptor read/64, error -71",Cron Job,WARNING:575;DEBUG:30012;INFO:2981;ERROR:285
2026/01/26 - 16:04:43,ERROR,/var/log/syslog,"2026-01-26T16:04:43.241539+03:00 creemanPC kernel: usb 3-10: device descriptor read/64, error -71",Cron Job,WARNING:575;DEBUG:30012;INFO:2981;ERROR:285
2026/01/26 - 16:04:43,ERROR,/var/log/syslog,"2026-01-26T16:04:43.533545+03:00 creemanPC kernel: usb 3-10: device descriptor read/64, error -71",Cron Job,WARNING:575;DEBUG:30012;INFO:2981;ERROR:285
2026/01/26 - 16:04:43,ERROR,/var/log/syslog,"2026-01-26T16:04:43.753734+03:00 creemanPC kernel: usb 3-10: device descriptor read/64, error -71",Cron Job,WARNING:575;DEBUG:30012;INFO:2981;ERROR:285
2026/01/26 - 16:04:44,ERROR,/var/log/syslog,"2026-01-26T16:04:44.195230+03:00 creemanPC containerd[1295]: time=""2026-01-26T16:04:44.195186288+03:00"" level=info msg=""skip loading plugin"" error=""no scratch file generator: skip plugin"" id=io.containerd.snapshotter.v1.blockfile type=io.containerd.snapshotter.v1",Cron Job,WARNING:575;DEBUG:30012;INFO:2981;ERROR:285
2026/01/26 - 16:04:44,ERROR,/var/log/syslog,"2026-01-26T16:04:44.195404+03:00 creemanPC containerd[1295]: time=""2026-01-26T16:04:44.195360401+03:00"" level=info msg=""skip loading plugin"" error=""path /var/lib/containerd/io.containerd.snapshotter.v1.btrfs (ext4) must be a btrfs filesystem to be used with the btrfs snapshotter: skip plugin"" id=io.containerd.snapshotter.v1.btrfs type=io.containerd.snapshotter.v1",Cron Job,WARNING:575;DEBUG:30012;INFO:2981;ERROR:285
2026/01/26 - 16:04:44,ERROR,/var/log/syslog,"2026-01-26T16:04:44.195479+03:00 creemanPC containerd[1295]: time=""2026-01-26T16:04:44.195389847+03:00"" level=info msg=""skip loading plugin"" error=""devmapper not configured: skip plugin"" id=io.containerd.snapshotter.v1.devmapper type=io.containerd.snapshotter.v1",Cron Job,WARNING:575;DEBUG:30012;INFO:2981;ERROR:285
2026/01/26 - 16:04:44,ERROR,/var/log/syslog,"2026-01-26T16:04:44.195817+03:00 creemanPC containerd[1295]: time=""2026-01-26T16:04:44.195737516+03:00"" level=info msg=""skip loading plugin"" error=""EROFS unsupported, please `modprobe erofs`: skip plugin"" id=io.containerd.snapshotter.v1.erofs type=io.containerd.snapshotter.v1",Cron Job,WARNING:575;DEBUG:30012;INFO:2981;ERROR:285
2026/01/26 - 16:04:44,ERROR,/var/log/syslog,"2026-01-26T16:04:44.196079+03:00 creemanPC containerd[1295]: time=""2026-01-26T16:04:44.196027290+03:00"" level=info msg=""skip loading plugin"" error=""lstat /var/lib/containerd/io.containerd.snapshotter.v1.zfs: no such file or directory: skip plugin"" id=io.containerd.snapshotter.v1.zfs type=io.containerd.snapshotter.v1",Cron Job,WARNING:575;DEBUG:30012;INFO:2981;ERROR:285
2026/01/26 - 16:04:44,ERROR,/var/log/syslog,"2026-01-26T16:04:44.239480+03:00 creemanPC containerd[1295]: time=""2026-01-26T16:04:44.239433608+03:00"" level=info msg=""skip loading plugin"" error=""failed to check mkfs.erofs availability: failed to run mkfs.erofs --help: exec: \""mkfs.erofs\"": executable file not found in $PATH: skip plugin"" id=io.containerd.differ.v1.erofs type=io.containerd.differ.v1",Cron Job,WARNING:575;DEBUG:30012;INFO:2981;ERROR:285
2026/01/26 - 16:04:44,ERROR,/var/log/syslog,"2026-01-26T16:04:44.242266+03:00 creemanPC containerd[1295]: time=""2026-01-26T16:04:44.242239875+03:00"" level=info msg=""skip loading plugin"" error=""skip plugin: tracing endpoint not configured"" id=io.containerd.tracing.processor.v1.otlp type=io.containerd.tracing.processor.v1",Cron Job,WARNING:575;DEBUG:30012;INFO:2981;ERROR:285
2026/01/26 - 16:04:44,ERROR,/var/log/syslog,"2026-01-26T16:04:44.242313+03:00 creemanPC containerd[1295]: time=""2026-01-26T16:04:44.242273615+03:00"" level=info msg=""skip loading plugin"" error=""skip plugin: tracing endpoint not configured"" id=io.containerd.internal.v1.tracing type=io.containerd.internal.v1",Cron Job,WARNING:575;DEBUG:30012;INFO:2981;ERROR:285
2026/01/26 - 16:04:44,ERROR,/var/log/syslog,"2026-01-26T16:04:44.654701+03:00 creemanPC kernel: usb 3-10: device not accepting address 11, error -71",Cron Job,WARNING:575;DEBUG:30012;INFO:2981;ERROR:285
2026/01/26 - 16:04:45,ERROR,/var/log/syslog,"2026-01-26T16:04:45.182603+03:00 creemanPC kernel: usb 3-10: device not accepting address 12, error -71",Cron Job,WARNING:575;DEBUG:30012;INFO:2981;ERROR:285
2026/01/26 - 16:04:46,ERROR,/var/log/syslog,2026-01-26T16:04:46.100857+03:00 creemanPC pipewire[1417]: mod.jackdbus-detect: Failed to receive jackdbus reply: org.freedesktop.DBus.Error.ServiceUnknown: The name org.jackaudio.service was not provided by any .service files,Cron Job,WARNING:575;DEBUG:30012;INFO:2981;ERROR:285
2026/01/26 - 16:04:46,ERROR,/var/log/syslog,2026-01-26T16:04:46.668855+03:00 creemanPC wireplumber[1419]: <WpPortalPermissionStorePlugin:0x62b29c28c9d0> Failed to call Lookup: GDBus.Error:org.freedesktop.portal.Error.NotFound: No entry for camera,Cron Job,WARNING:575;DEBUG:30012;INFO:2981;ERROR:285
2026/01/26 - 16:04:50,ERROR,/var/log/syslog,"2026-01-26T16:04:50.356751+03:00 creemanPC dockerd[1888]: time=""2026-01-26T16:04:50.356014296+03:00"" level=info msg=""Deleting nftables IPv4 rules"" error=""exit status 1""",Cron Job,WARNING:575;DEBUG:30012;INFO:2981;ERROR:285
2026/01/26 - 16:04:50,ERROR,/var/log/syslog,"2026-01-26T16:04:50.370152+03:00 creemanPC dockerd[1888]: time=""2026-01-26T16:04:50.369853042+03:00"" level=info msg=""Deleting nftables IPv6 rules"" error=""exit status 1""",Cron Job,WARNING:575;DEBUG:30012;INFO:2981;ERROR:285
2026/01/26 - 16:04:51,ERROR,/var/log/syslog,"2026-01-26T16:04:51.029530+03:00 creemanPC systemd[1]: casper-md5check.service: Main process exited, code=exited, status=1/FAILURE",Cron Job,WARNING:575;DEBUG:30012;INFO:2981;ERROR:285
2026/01/26 - 16:05:16,ERROR,/var/log/syslog,2026-01-26T16:05:16.879599+03:00 creemanPC cinnamon-session-binary[1421]: WARNING: t+30.53178s: Unable to restart system via systemd: GDBus.Error:org.freedesktop.login1.OperationInProgress: There's already a shutdown or sleep operation in progress,Cron Job,WARNING:575;DEBUG:30012;INFO:2981;ERROR:285
2026/01/26 - 16:05:16,ERROR,/var/log/syslog,"2026-01-26T16:05:16.932887+03:00 creemanPC dockerd[1888]: time=""2026-01-26T16:05:16.932653585+03:00"" level=info msg=""stopping event stream following graceful shutdown"" error=""<nil>"" module=libcontainerd namespace=moby",Cron Job,WARNING:575;DEBUG:30012;INFO:2981;ERROR:285
2026/01/27 - 15:57:57,ERROR,/var/log/syslog,"2026-01-27T15:57:57.328450+03:00 creemanPC kernel: ACPI BIOS Error (bug): Could not resolve symbol [\_SB.PC00.RP08.CMDR], AE_NOT_FOUND (20230628/psargs-332)",Cron Job,WARNING:575;DEBUG:30012;INFO:2981;ERROR:285
2026/01/27 - 15:57:57,ERROR,/var/log/syslog,2026-01-27T15:57:57.328553+03:00 creemanPC kernel: ACPI Error: Aborting method \_SB.PC00.RP05.PCRP._ON due to previous error (AE_NOT_FOUND) (20230628/psparse-529),Cron Job,WARNING:575;DEBUG:30012;INFO:2981;ERROR:285
2026/01/27 - 15:57:57,ERROR,/var/log/syslog,2026-01-27T15:57:57.330053+03:00 creemanPC kernel: unchecked MSR access error: WRMSR to 0xd10 (tried to write 0x000000000000ffff) at rIP: 0xffffffff910c6c04 (native_write_msr+0x4/0x40),Cron Job,WARNING:575;DEBUG:30012;INFO:2981;ERROR:285
2026/01/27 - 15:57:57,ERROR,/var/log/syslog,2026-01-27T15:57:57.331361+03:00 creemanPC kernel: EDAC igen6 MC1: HANDLING IBECC MEMORY ERROR,Cron Job,WARNING:575;DEBUG:30012;INFO:2981;ERROR:285
2026/01/27 - 15:57:57,ERROR,/var/log/syslog,2026-01-27T15:57:57.331365+03:00 creemanPC kernel: EDAC igen6 MC0: HANDLING IBECC MEMORY ERROR,Cron Job,WARNING:575;DEBUG:30012;INFO:2981;ERROR:285
2026/01/27 - 15:57:57,ERROR,/var/log/syslog,2026-01-27T15:57:57.331815+03:00 creemanPC kernel: iwlwifi: probe of 0000:00:14.3 failed with error -110,Cron Job,WARNING:575;DEBUG:30012;INFO:2981;ERROR:285
2026/01/27 - 15:57:57,ERROR,/var/log/syslog,2026-01-27T15:57:57.331875+03:00 creemanPC kernel: Bluetooth: hci0: FW download error recovery failed (-19),Cron Job,WARNING:575;DEBUG:30012;INFO:2981;ERROR:285
2026/01/27 - 15:57:58,ERROR,/var/log/syslog,"2026-01-27T15:57:58.382004+03:00 creemanPC containerd[1242]: time=""2026-01-27T15:57:58.381952672+03:00"" level=info msg=""skip loading plugin"" error=""no scratch file generator: skip plugin"" id=io.containerd.snapshotter.v1.blockfile type=io.containerd.snapshotter.v1",Cron Job,WARNING:575;DEBUG:30012;INFO:2981;ERROR:285
2026/01/27 - 15:57:58,ERROR,/var/log/syslog,"2026-01-27T15:57:58.382174+03:00 creemanPC containerd[1242]: time=""2026-01-27T15:57:58.382138775+03:00"" level=info msg=""skip loading plugin"" error=""path /var/lib/containerd/io.containerd.snapshotter.v1.btrfs (ext4) must be a btrfs filesystem to be used with the btrfs snapshotter: skip plugin"" id=io.containerd.snapshotter.v1.btrfs type=io.containerd.snapshotter.v1",Cron Job,WARNING:575;DEBUG:30012;INFO:2981;ERROR:285
2026/01/27 - 15:57:58,ERROR,/var/log/syslog,"2026-01-27T15:57:58.382238+03:00 creemanPC containerd[1242]: time=""2026-01-27T15:57:58.382164502+03:00"" level=info msg=""skip loading plugin"" error=""devmapper not configured: skip plugin"" id=io.containerd.snapshotter.v1.devmapper type=io.containerd.snapshotter.v1",Cron Job,WARNING:575;DEBUG:30012;INFO:2981;ERROR:285
2026/01/27 - 15:57:58,ERROR,/var/log/syslog,"2026-01-27T15:57:58.382573+03:00 creemanPC containerd[1242]: time=""2026-01-27T15:57:58.382541970+03:00"" level=info msg=""skip loading plugin"" error=""EROFS unsupported, please `modprobe erofs`: skip plugin"" id=io.containerd.snapshotter.v1.erofs type=io.containerd.snapshotter.v1",Cron Job,WARNING:575;DEBUG:30012;INFO:2981;ERROR:285
2026/01/27 - 15:57:58,ERROR,/var/log/syslog,"2026-01-27T15:57:58.382859+03:00 creemanPC containerd[1242]: time=""2026-01-27T15:57:58.382821205+03:00"" level=info msg=""skip loading plugin"" error=""lstat /var/lib/containerd/io.containerd.snapshotter.v1.zfs: no such file or directory: skip plugin"" id=io.containerd.snapshotter.v1.zfs type=io.containerd.snapshotter.v1",Cron Job,WARNING:575;DEBUG:30012;INFO:2981;ERROR:285
2026/01/27 - 15:57:58,ERROR,/var/log/syslog,"2026-01-27T15:57:58.425596+03:00 creemanPC containerd[1242]: time=""2026-01-27T15:57:58.425514633+03:00"" level=info msg=""skip loading plugin"" error=""failed to check mkfs.erofs availability: failed to run mkfs.erofs --help: exec: \""mkfs.erofs\"": executable file not found in $PATH: skip plugin"" id=io.containerd.differ.v1.erofs type=io.containerd.differ.v1",Cron Job,WARNING:575;DEBUG:30012;INFO:2981;ERROR:285
2026/01/27 - 15:57:58,ERROR,/var/log/syslog,"2026-01-27T15:57:58.427793+03:00 creemanPC containerd[1242]: time=""2026-01-27T15:57:58.427761074+03:00"" level=info msg=""skip loading plugin"" error=""skip plugin: tracing endpoint not configured"" id=io.containerd.tracing.processor.v1.otlp type=io.containerd.tracing.processor.v1",Cron Job,WARNING:575;DEBUG:30012;INFO:2981;ERROR:285
2026/01/27 - 15:57:58,ERROR,/var/log/syslog,"2026-01-27T15:57:58.427847+03:00 creemanPC containerd[1242]: time=""2026-01-27T15:57:58.427784798+03:00"" level=info msg=""skip loading plugin"" error=""skip plugin: tracing endpoint not configured"" id=io.containerd.internal.v1.tracing type=io.containerd.internal.v1",Cron Job,WARNING:575;DEBUG:30012;INFO:2981;ERROR:285
2026/01/27 - 15:58:00,ERROR,/var/log/syslog,2026-01-27T15:58:00.308198+03:00 creemanPC pipewire[1347]: mod.jackdbus-detect: Failed to receive jackdbus reply: org.freedesktop.DBus.Error.ServiceUnknown: The name org.jackaudio.service was not provided by any .service files,Cron Job,WARNING:575;DEBUG:30012;INFO:2981;ERROR:285
2026/01/27 - 15:58:00,ERROR,/var/log/syslog,2026-01-27T15:58:00.852565+03:00 creemanPC wireplumber[1349]: <WpPortalPermissionStorePlugin:0x5b2663b62670> Failed to call Lookup: GDBus.Error:org.freedesktop.portal.Error.NotFound: No entry for camera,Cron Job,WARNING:575;DEBUG:30012;INFO:2981;ERROR:285
2026/01/27 - 15:58:04,ERROR,/var/log/syslog,"2026-01-27T15:58:04.503610+03:00 creemanPC dockerd[1811]: time=""2026-01-27T15:58:04.503186779+03:00"" level=info msg=""Deleting nftables IPv4 rules"" error=""exit status 1""",Cron Job,WARNING:575;DEBUG:30012;INFO:2981;ERROR:285
2026/01/27 - 15:58:04,ERROR,/var/log/syslog,"2026-01-27T15:58:04.518888+03:00 creemanPC dockerd[1811]: time=""2026-01-27T15:58:04.518225198+03:00"" level=info msg=""Deleting nftables IPv6 rules"" error=""exit status 1""",Cron Job,WARNING:575;DEBUG:30012;INFO:2981;ERROR:285
2026/01/27 - 15:58:05,ERROR,/var/log/syslog,"2026-01-27T15:58:05.161797+03:00 creemanPC systemd[1]: casper-md5check.service: Main process exited, code=exited, status=1/FAILURE",Cron Job,WARNING:575;DEBUG:30012;INFO:2981;ERROR:285
2026/01/27 - 15:58:31,ERROR,/var/log/syslog,2026-01-27T15:58:31.501434+03:00 creemanPC cinnamon-session-binary[1352]: WARNING: t+30.94514s: Unable to restart system via systemd: GDBus.Error:org.freedesktop.login1.OperationInProgress: There's already a shutdown or sleep operation in progress,Cron Job,WARNING:575;DEBUG:30012;INFO:2981;ERROR:285
2026/01/27 - 15:58:31,ERROR,/var/log/syslog,"2026-01-27T15:58:31.550001+03:00 creemanPC dockerd[1811]: time=""2026-01-27T15:58:31.549727238+03:00"" level=info msg=""stopping event stream following graceful shutdown"" error=""<nil>"" module=libcontainerd namespace=moby",Cron Job,WARNING:575;DEBUG:30012;INFO:2981;ERROR:285
2026/01/27 - 15:58:31,ERROR,/var/log/syslog,"2026-01-27T15:58:31.550714+03:00 creemanPC dockerd[1811]: time=""2026-01-27T15:58:31.550353491+03:00"" level=info msg=""stopping event stream following graceful shutdown"" error=""context canceled"" module=libcontainerd namespace=plugins.moby",Cron Job,WARNING:575;DEBUG:30012;INFO:2981;ERROR:285
2026/01/27 - 16:37:09,ERROR,/var/log/syslog,"2026-01-27T16:37:09.242026+03:00 creemanPC kernel: ACPI BIOS Error (bug): Could not resolve symbol [\_SB.PC00.RP08.CMDR], AE_NOT_FOUND (20230628/psargs-332)",Cron Job,WARNING:575;DEBUG:30012;INFO:2981;ERROR:285
2026/01/27 - 16:37:09,ERROR,/var/log/syslog,2026-01-27T16:37:09.242146+03:00 creemanPC kernel: ACPI Error: Aborting method \_SB.PC00.RP05.PCRP._ON due to previous error (AE_NOT_FOUND) (20230628/psparse-529),Cron Job,WARNING:575;DEBUG:30012;INFO:2981;ERROR:285
2026/01/27 - 16:37:09,ERROR,/var/log/syslog,2026-01-27T16:37:09.254870+03:00 creemanPC kernel: EDAC igen6 MC1: HANDLING IBECC MEMORY ERROR,Cron Job,WARNING:575;DEBUG:30012;INFO:2981;ERROR:285
2026/01/27 - 16:37:09,ERROR,/var/log/syslog,2026-01-27T16:37:09.254872+03:00 creemanPC kernel: EDAC igen6 MC0: HANDLING IBECC MEMORY ERROR,Cron Job,WARNING:575;DEBUG:30012;INFO:2981;ERROR:285
2026/01/27 - 16:37:09,ERROR,/var/log/syslog,"2026-01-27T16:37:09.265307+03:00 creemanPC kernel: usb 3-2.4: can't read configurations, error -110",Cron Job,WARNING:575;DEBUG:30012;INFO:2981;ERROR:285
2026/01/27 - 16:37:10,ERROR,/var/log/syslog,"2026-01-27T16:37:10.563838+03:00 creemanPC containerd[1228]: time=""2026-01-27T16:37:10.563814983+03:00"" level=info msg=""skip loading plugin"" error=""no scratch file generator: skip plugin"" id=io.containerd.snapshotter.v1.blockfile type=io.containerd.snapshotter.v1",Cron Job,WARNING:575;DEBUG:30012;INFO:2981;ERROR:285
2026/01/27 - 16:37:10,ERROR,/var/log/syslog,"2026-01-27T16:37:10.563982+03:00 creemanPC containerd[1228]: time=""2026-01-27T16:37:10.563958038+03:00"" level=info msg=""skip loading plugin"" error=""path /var/lib/containerd/io.containerd.snapshotter.v1.btrfs (ext4) must be a btrfs filesystem to be used with the btrfs snapshotter: skip plugin"" id=io.containerd.snapshotter.v1.btrfs type=io.containerd.snapshotter.v1",Cron Job,WARNING:575;DEBUG:30012;INFO:2981;ERROR:285
2026/01/27 - 16:37:10,ERROR,/var/log/syslog,"2026-01-27T16:37:10.564036+03:00 creemanPC containerd[1228]: time=""2026-01-27T16:37:10.563982276+03:00"" level=info msg=""skip loading plugin"" error=""devmapper not configured: skip plugin"" id=io.containerd.snapshotter.v1.devmapper type=io.containerd.snapshotter.v1",Cron Job,WARNING:575;DEBUG:30012;INFO:2981;ERROR:285
2026/01/27 - 16:37:10,ERROR,/var/log/syslog,"2026-01-27T16:37:10.564264+03:00 creemanPC containerd[1228]: time=""2026-01-27T16:37:10.564240098+03:00"" level=info msg=""skip loading plugin"" error=""EROFS unsupported, please `modprobe erofs`: skip plugin"" id=io.containerd.snapshotter.v1.erofs type=io.containerd.snapshotter.v1",Cron Job,WARNING:575;DEBUG:30012;INFO:2981;ERROR:285
2026/01/27 - 16:37:10,ERROR,/var/log/syslog,"2026-01-27T16:37:10.564598+03:00 creemanPC containerd[1228]: time=""2026-01-27T16:37:10.564575733+03:00"" level=info msg=""skip loading plugin"" error=""lstat /var/lib/containerd/io.containerd.snapshotter.v1.zfs: no such file or directory: skip plugin"" id=io.containerd.snapshotter.v1.zfs type=io.containerd.snapshotter.v1",Cron Job,WARNING:575;DEBUG:30012;INFO:2981;ERROR:285
2026/01/27 - 16:37:10,ERROR,/var/log/syslog,"2026-01-27T16:37:10.606273+03:00 creemanPC containerd[1228]: time=""2026-01-27T16:37:10.606161956+03:00"" level=info msg=""skip loading plugin"" error=""failed to check mkfs.erofs availability: failed to run mkfs.erofs --help: exec: \""mkfs.erofs\"": executable file not found in $PATH: skip plugin"" id=io.containerd.differ.v1.erofs type=io.containerd.differ.v1",Cron Job,WARNING:575;DEBUG:30012;INFO:2981;ERROR:285
2026/01/27 - 16:37:10,ERROR,/var/log/syslog,"2026-01-27T16:37:10.609187+03:00 creemanPC containerd[1228]: time=""2026-01-27T16:37:10.609134253+03:00"" level=info msg=""skip loading plugin"" error=""skip plugin: tracing endpoint not configured"" id=io.containerd.tracing.processor.v1.otlp type=io.containerd.tracing.processor.v1",Cron Job,WARNING:575;DEBUG:30012;INFO:2981;ERROR:285
2026/01/27 - 16:37:10,ERROR,/var/log/syslog,"2026-01-27T16:37:10.609261+03:00 creemanPC containerd[1228]: time=""2026-01-27T16:37:10.609171274+03:00"" level=info msg=""skip loading plugin"" error=""skip plugin: tracing endpoint not configured"" id=io.containerd.internal.v1.tracing type=io.containerd.internal.v1",Cron Job,WARNING:575;DEBUG:30012;INFO:2981;ERROR:285
2026/01/27 - 16:37:12,ERROR,/var/log/syslog,2026-01-27T16:37:12.482670+03:00 creemanPC pipewire[1334]: mod.jackdbus-detect: Failed to receive jackdbus reply: org.freedesktop.DBus.Error.ServiceUnknown: The name org.jackaudio.service was not provided by any .service files,Cron Job,WARNING:575;DEBUG:30012;INFO:2981;ERROR:285
2026/01/27 - 16:37:13,ERROR,/var/log/syslog,2026-01-27T16:37:13.040219+03:00 creemanPC wireplumber[1336]: <WpPortalPermissionStorePlugin:0x611149677430> Failed to call Lookup: GDBus.Error:org.freedesktop.portal.Error.NotFound: No entry for camera,Cron Job,WARNING:575;DEBUG:30012;INFO:2981;ERROR:285
2026/01/27 - 16:37:16,ERROR,/var/log/syslog,"2026-01-27T16:37:16.485025+03:00 creemanPC dockerd[1814]: time=""2026-01-27T16:37:16.484883570+03:00"" level=info msg=""Deleting nftables IPv4 rules"" error=""exit status 1""",Cron Job,WARNING:575;DEBUG:30012;INFO:2981;ERROR:285
2026/01/27 - 16:37:16,ERROR,/var/log/syslog,"2026-01-27T16:37:16.505878+03:00 creemanPC dockerd[1814]: time=""2026-01-27T16:37:16.505788468+03:00"" level=info msg=""Deleting nftables IPv6 rules"" error=""exit status 1""",Cron Job,WARNING:575;DEBUG:30012;INFO:2981;ERROR:285
2026/01/27 - 16:37:17,ERROR,/var/log/syslog,"2026-01-27T16:37:17.460847+03:00 creemanPC systemd[1]: casper-md5check.service: Main process exited, code=exited, status=1/FAILURE",Cron Job,WARNING:575;DEBUG:30012;INFO:2981;ERROR:285
2026/01/27 - 19:47:59,ERROR,/var/log/syslog,2026-01-27T19:47:59.613270+03:00 creemanPC cinnamon-screensaver-pam-helper: pam_ecryptfs: seteuid error,Cron Job,WARNING:575;DEBUG:30012;INFO:2981;ERROR:285
2026/01/27 - 19:48:29,ERROR,/var/log/syslog,2026-01-27T19:48:29.690955+03:00 creemanPC org.cinnamon.ScreenSaver[4266]: Error in sys.excepthook:,Cron Job,WARNING:575;DEBUG:30012;INFO:2981;ERROR:285
2026/01/27 - 19:48:29,ERROR,/var/log/syslog,2026-01-27T19:48:29.691094+03:00 creemanPC org.cinnamon.ScreenSaver[4266]: Error in sys.excepthook:,Cron Job,WARNING:575;DEBUG:30012;INFO:2981;ERROR:285
2026/01/27 - 19:48:29,ERROR,/var/log/syslog,2026-01-27T19:48:29.691138+03:00 creemanPC org.cinnamon.ScreenSaver[4266]: Error in sys.excepthook:,Cron Job,WARNING:575;DEBUG:30012;INFO:2981;ERROR:285
2026/01/27 - 19:48:30,ERROR,/var/log/syslog,2026-01-27T19:48:30.653374+03:00 creemanPC cinnamon-session-binary[1339]: WARNING: t+11479.07862s: Unable to restart system via systemd: GDBus.Error:org.freedesktop.login1.OperationInProgress: There's already a shutdown or sleep operation in progress,Cron Job,WARNING:575;DEBUG:30012;INFO:2981;ERROR:285
2026/01/27 - 19:48:30,ERROR,/var/log/syslog,"2026-01-27T19:48:30.707428+03:00 creemanPC dockerd[1814]: time=""2026-01-27T19:48:30.707228930+03:00"" level=info msg=""stopping event stream following graceful shutdown"" error=""<nil>"" module=libcontainerd namespace=moby",Cron Job,WARNING:575;DEBUG:30012;INFO:2981;ERROR:285
2026/01/27 - 19:48:30,ERROR,/var/log/syslog,"2026-01-27T19:48:30.708040+03:00 creemanPC dockerd[1814]: time=""2026-01-27T19:48:30.707636603+03:00"" level=info msg=""stopping event stream following graceful shutdown"" error=""context canceled"" module=libcontainerd namespace=plugins.moby",Cron Job,WARNING:575;DEBUG:30012;INFO:2981;ERROR:285
2026/01/27 - 22:45:18,ERROR,/var/log/syslog,"2026-01-27T22:45:18.096420+03:00 creemanPC kernel: ACPI BIOS Error (bug): Could not resolve symbol [\_SB.PC00.RP08.CMDR], AE_NOT_FOUND (20230628/psargs-332)",Cron Job,WARNING:575;DEBUG:30012;INFO:2981;ERROR:285
2026/01/27 - 22:45:18,ERROR,/var/log/syslog,2026-01-27T22:45:18.096518+03:00 creemanPC kernel: ACPI Error: Aborting method \_SB.PC00.RP05.PCRP._ON due to previous error (AE_NOT_FOUND) (20230628/psparse-529),Cron Job,WARNING:575;DEBUG:30012;INFO:2981;ERROR:285
2026/01/27 - 22:45:18,ERROR,/var/log/syslog,2026-01-27T22:45:18.097504+03:00 creemanPC kernel: unchecked MSR access error: WRMSR to 0xd10 (tried to write 0x000000000000ffff) at rIP: 0xffffffff8bac6c04 (native_write_msr+0x4/0x40),Cron Job,WARNING:575;DEBUG:30012;INFO:2981;ERROR:285
2026/01/27 - 22:45:18,ERROR,/var/log/syslog,2026-01-27T22:45:18.098338+03:00 creemanPC kernel: EDAC igen6 MC1: HANDLING IBECC MEMORY ERROR,Cron Job,WARNING:575;DEBUG:30012;INFO:2981;ERROR:285
2026/01/27 - 22:45:18,ERROR,/var/log/syslog,2026-01-27T22:45:18.098339+03:00 creemanPC kernel: EDAC igen6 MC0: HANDLING IBECC MEMORY ERROR,Cron Job,WARNING:575;DEBUG:30012;INFO:2981;ERROR:285
2026/01/27 - 22:45:19,ERROR,/var/log/syslog,"2026-01-27T22:45:19.385823+03:00 creemanPC containerd[1216]: time=""2026-01-27T22:45:19.385790911+03:00"" level=info msg=""skip loading plugin"" error=""no scratch file generator: skip plugin"" id=io.containerd.snapshotter.v1.blockfile type=io.containerd.snapshotter.v1",Cron Job,WARNING:575;DEBUG:30012;INFO:2981;ERROR:285
2026/01/27 - 22:45:19,ERROR,/var/log/syslog,"2026-01-27T22:45:19.386037+03:00 creemanPC containerd[1216]: time=""2026-01-27T22:45:19.385997940+03:00"" level=info msg=""skip loading plugin"" error=""path /var/lib/containerd/io.containerd.snapshotter.v1.btrfs (ext4) must be a btrfs filesystem to be used with the btrfs snapshotter: skip plugin"" id=io.containerd.snapshotter.v1.btrfs type=io.containerd.snapshotter.v1",Cron Job,WARNING:575;DEBUG:30012;INFO:2981;ERROR:285
2026/01/27 - 22:45:19,ERROR,/var/log/syslog,"2026-01-27T22:45:19.386086+03:00 creemanPC containerd[1216]: time=""2026-01-27T22:45:19.386035929+03:00"" level=info msg=""skip loading plugin"" error=""devmapper not configured: skip plugin"" id=io.containerd.snapshotter.v1.devmapper type=io.containerd.snapshotter.v1",Cron Job,WARNING:575;DEBUG:30012;INFO:2981;ERROR:285
2026/01/27 - 22:45:19,ERROR,/var/log/syslog,"2026-01-27T22:45:19.386401+03:00 creemanPC containerd[1216]: time=""2026-01-27T22:45:19.386323222+03:00"" level=info msg=""skip loading plugin"" error=""EROFS unsupported, please `modprobe erofs`: skip plugin"" id=io.containerd.snapshotter.v1.erofs type=io.containerd.snapshotter.v1",Cron Job,WARNING:575;DEBUG:30012;INFO:2981;ERROR:285
2026/01/27 - 22:45:19,ERROR,/var/log/syslog,"2026-01-27T22:45:19.386663+03:00 creemanPC containerd[1216]: time=""2026-01-27T22:45:19.386636123+03:00"" level=info msg=""skip loading plugin"" error=""lstat /var/lib/containerd/io.containerd.snapshotter.v1.zfs: no such file or directory: skip plugin"" id=io.containerd.snapshotter.v1.zfs type=io.containerd.snapshotter.v1",Cron Job,WARNING:575;DEBUG:30012;INFO:2981;ERROR:285
2026/01/27 - 22:45:19,ERROR,/var/log/syslog,"2026-01-27T22:45:19.427625+03:00 creemanPC containerd[1216]: time=""2026-01-27T22:45:19.427498099+03:00"" level=info msg=""skip loading plugin"" error=""failed to check mkfs.erofs availability: failed to run mkfs.erofs --help: exec: \""mkfs.erofs\"": executable file not found in $PATH: skip plugin"" id=io.containerd.differ.v1.erofs type=io.containerd.differ.v1",Cron Job,WARNING:575;DEBUG:30012;INFO:2981;ERROR:285
2026/01/27 - 22:45:19,ERROR,/var/log/syslog,"2026-01-27T22:45:19.429699+03:00 creemanPC containerd[1216]: time=""2026-01-27T22:45:19.429644945+03:00"" level=info msg=""skip loading plugin"" error=""skip plugin: tracing endpoint not configured"" id=io.containerd.tracing.processor.v1.otlp type=io.containerd.tracing.processor.v1",Cron Job,WARNING:575;DEBUG:30012;INFO:2981;ERROR:285
2026/01/27 - 22:45:19,ERROR,/var/log/syslog,"2026-01-27T22:45:19.429775+03:00 creemanPC containerd[1216]: time=""2026-01-27T22:45:19.429667660+03:00"" level=info msg=""skip loading plugin"" error=""skip plugin: tracing endpoint not configured"" id=io.containerd.internal.v1.tracing type=io.containerd.internal.v1",Cron Job,WARNING:575;DEBUG:30012;INFO:2981;ERROR:285
2026/01/27 - 22:45:21,ERROR,/var/log/syslog,2026-01-27T22:45:21.336016+03:00 creemanPC pipewire[1314]: mod.jackdbus-detect: Failed to receive jackdbus reply: org.freedesktop.DBus.Error.ServiceUnknown: The name org.jackaudio.service was not provided by any .service files,Cron Job,WARNING:575;DEBUG:30012;INFO:2981;ERROR:285
2026/01/27 - 22:45:21,ERROR,/var/log/syslog,2026-01-27T22:45:21.948343+03:00 creemanPC wireplumber[1319]: <WpPortalPermissionStorePlugin:0x5df3a1f26f70> Failed to call Lookup: GDBus.Error:org.freedesktop.portal.Error.NotFound: No entry for camera,Cron Job,WARNING:575;DEBUG:30012;INFO:2981;ERROR:285
2026/01/27 - 22:45:25,ERROR,/var/log/syslog,"2026-01-27T22:45:25.278159+03:00 creemanPC dockerd[1795]: time=""2026-01-27T22:45:25.277426772+03:00"" level=info msg=""Deleting nftables IPv4 rules"" error=""exit status 1""",Cron Job,WARNING:575;DEBUG:30012;INFO:2981;ERROR:285
2026/01/27 - 22:45:25,ERROR,/var/log/syslog,"2026-01-27T22:45:25.293435+03:00 creemanPC dockerd[1795]: time=""2026-01-27T22:45:25.292816023+03:00"" level=info msg=""Deleting nftables IPv6 rules"" error=""exit status 1""",Cron Job,WARNING:575;DEBUG:30012;INFO:2981;ERROR:285
2026/01/27 - 22:45:26,ERROR,/var/log/syslog,"2026-01-27T22:45:26.270421+03:00 creemanPC systemd[1]: casper-md5check.service: Main process exited, code=exited, status=1/FAILURE",Cron Job,WARNING:575;DEBUG:30012;INFO:2981;ERROR:285
2026/01/27 - 23:28:18,ERROR,/var/log/syslog,2026-01-27T23:28:18.390914+03:00 creemanPC gvfsd-network[20841]: Couldn't create directory monitor on wsdd:///. Error: Automount failed: Failed to spawn the underlying wsdd daemon.,Cron Job,WARNING:575;DEBUG:30012;INFO:2981;ERROR:285
2026/01/28 - 00:56:50,ERROR,/var/log/syslog,2026-01-28T00:56:50.008181+03:00 creemanPC pipewire[51163]: mod.jackdbus-detect: Failed to receive jackdbus reply: org.freedesktop.DBus.Error.ServiceUnknown: The name org.jackaudio.service was not provided by any .service files,Cron Job,WARNING:575;DEBUG:30012;INFO:2981;ERROR:285
2026/01/28 - 00:56:50,ERROR,/var/log/syslog,2026-01-28T00:56:50.379648+03:00 creemanPC wireplumber[51165]: <WpPortalPermissionStorePlugin:0x5b140a3e9e30> Failed to call Lookup: GDBus.Error:org.freedesktop.portal.Error.NotFound: No entry for camera,Cron Job,WARNING:575;DEBUG:30012;INFO:2981;ERROR:285
2026/01/28 - 00:57:11,ERROR,/var/log/syslog,2026-01-28T00:57:11.788817+03:00 creemanPC wireplumber[1319]: <WpPortalPermissionStorePlugin:0x5df3a1f26f70> Failed to call Lookup: GDBus.Error:org.freedesktop.portal.Error.NotFound: No entry for camera,Cron Job,WARNING:575;DEBUG:30012;INFO:2981;ERROR:285
2026/01/28 - 00:57:20,ERROR,/var/log/syslog,"2026-01-28T00:57:20.146126+03:00 creemanPC dockerd[1795]: time=""2026-01-28T00:57:20.132787005+03:00"" level=info msg=""stopping event stream following graceful shutdown"" error=""<nil>"" module=libcontainerd namespace=moby",Cron Job,WARNING:575;DEBUG:30012;INFO:2981;ERROR:285
2026/01/28 - 00:57:20,ERROR,/var/log/syslog,"2026-01-28T00:57:20.146880+03:00 creemanPC dockerd[1795]: time=""2026-01-28T00:57:20.136565094+03:00"" level=info msg=""stopping event stream following graceful shutdown"" error=""context canceled"" module=libcontainerd namespace=plugins.moby",Cron Job,WARNING:575;DEBUG:30012;INFO:2981;ERROR:285
2026/01/28 - 01:10:26,ERROR,/var/log/syslog,"2026-01-28T01:10:26.094827+03:00 creemanPC kernel: ACPI BIOS Error (bug): Could not resolve symbol [\_SB.PC00.RP08.CMDR], AE_NOT_FOUND (20230628/psargs-332)",Cron Job,WARNING:575;DEBUG:30012;INFO:2981;ERROR:285
2026/01/28 - 01:10:26,ERROR,/var/log/syslog,2026-01-28T01:10:26.094925+03:00 creemanPC kernel: ACPI Error: Aborting method \_SB.PC00.RP05.PCRP._ON due to previous error (AE_NOT_FOUND) (20230628/psparse-529),Cron Job,WARNING:575;DEBUG:30012;INFO:2981;ERROR:285
2026/01/28 - 01:10:26,ERROR,/var/log/syslog,2026-01-28T01:10:26.096875+03:00 creemanPC kernel: EDAC igen6 MC1: HANDLING IBECC MEMORY ERROR,Cron Job,WARNING:575;DEBUG:30012;INFO:2981;ERROR:285
2026/01/28 - 01:10:26,ERROR,/var/log/syslog,2026-01-28T01:10:26.096877+03:00 creemanPC kernel: EDAC igen6 MC0: HANDLING IBECC MEMORY ERROR,Cron Job,WARNING:575;DEBUG:30012;INFO:2981;ERROR:285
2026/01/28 - 01:10:27,ERROR,/var/log/syslog,"2026-01-28T01:10:27.434846+03:00 creemanPC containerd[1200]: time=""2026-01-28T01:10:27.434808265+03:00"" level=info msg=""skip loading plugin"" error=""no scratch file generator: skip plugin"" id=io.containerd.snapshotter.v1.blockfile type=io.containerd.snapshotter.v1",Cron Job,WARNING:575;DEBUG:30012;INFO:2981;ERROR:285
2026/01/28 - 01:10:27,ERROR,/var/log/syslog,"2026-01-28T01:10:27.435041+03:00 creemanPC containerd[1200]: time=""2026-01-28T01:10:27.434996668+03:00"" level=info msg=""skip loading plugin"" error=""path /var/lib/containerd/io.containerd.snapshotter.v1.btrfs (ext4) must be a btrfs filesystem to be used with the btrfs snapshotter: skip plugin"" id=io.containerd.snapshotter.v1.btrfs type=io.containerd.snapshotter.v1",Cron Job,WARNING:575;DEBUG:30012;INFO:2981;ERROR:285
2026/01/28 - 01:10:27,ERROR,/var/log/syslog,"2026-01-28T01:10:27.435123+03:00 creemanPC containerd[1200]: time=""2026-01-28T01:10:27.435035686+03:00"" level=info msg=""skip loading plugin"" error=""devmapper not configured: skip plugin"" id=io.containerd.snapshotter.v1.devmapper type=io.containerd.snapshotter.v1",Cron Job,WARNING:575;DEBUG:30012;INFO:2981;ERROR:285
2026/01/28 - 01:10:27,ERROR,/var/log/syslog,"2026-01-28T01:10:27.435513+03:00 creemanPC containerd[1200]: time=""2026-01-28T01:10:27.435442879+03:00"" level=info msg=""skip loading plugin"" error=""EROFS unsupported, please `modprobe erofs`: skip plugin"" id=io.containerd.snapshotter.v1.erofs type=io.containerd.snapshotter.v1",Cron Job,WARNING:575;DEBUG:30012;INFO:2981;ERROR:285
2026/01/28 - 01:10:27,ERROR,/var/log/syslog,"2026-01-28T01:10:27.435903+03:00 creemanPC containerd[1200]: time=""2026-01-28T01:10:27.435863954+03:00"" level=info msg=""skip loading plugin"" error=""lstat /var/lib/containerd/io.containerd.snapshotter.v1.zfs: no such file or directory: skip plugin"" id=io.containerd.snapshotter.v1.zfs type=io.containerd.snapshotter.v1",Cron Job,WARNING:575;DEBUG:30012;INFO:2981;ERROR:285
2026/01/28 - 01:10:27,ERROR,/var/log/syslog,"2026-01-28T01:10:27.478209+03:00 creemanPC containerd[1200]: time=""2026-01-28T01:10:27.478060373+03:00"" level=info msg=""skip loading plugin"" error=""failed to check mkfs.erofs availability: failed to run mkfs.erofs --help: exec: \""mkfs.erofs\"": executable file not found in $PATH: skip plugin"" id=io.containerd.differ.v1.erofs type=io.containerd.differ.v1",Cron Job,WARNING:575;DEBUG:30012;INFO:2981;ERROR:285
2026/01/28 - 01:10:27,ERROR,/var/log/syslog,"2026-01-28T01:10:27.480112+03:00 creemanPC containerd[1200]: time=""2026-01-28T01:10:27.480052054+03:00"" level=info msg=""skip loading plugin"" error=""skip plugin: tracing endpoint not configured"" id=io.containerd.tracing.processor.v1.otlp type=io.containerd.tracing.processor.v1",Cron Job,WARNING:575;DEBUG:30012;INFO:2981;ERROR:285
2026/01/28 - 01:10:27,ERROR,/var/log/syslog,"2026-01-28T01:10:27.480176+03:00 creemanPC containerd[1200]: time=""2026-01-28T01:10:27.480075207+03:00"" level=info msg=""skip loading plugin"" error=""skip plugin: tracing endpoint not configured"" id=io.containerd.internal.v1.tracing type=io.containerd.internal.v1",Cron Job,WARNING:575;DEBUG:30012;INFO:2981;ERROR:285
2026/01/28 - 01:10:29,ERROR,/var/log/syslog,2026-01-28T01:10:29.370073+03:00 creemanPC pipewire[1307]: mod.jackdbus-detect: Failed to receive jackdbus reply: org.freedesktop.DBus.Error.ServiceUnknown: The name org.jackaudio.service was not provided by any .service files,Cron Job,WARNING:575;DEBUG:30012;INFO:2981;ERROR:285
2026/01/28 - 01:10:29,ERROR,/var/log/syslog,2026-01-28T01:10:29.951205+03:00 creemanPC wireplumber[1311]: <WpPortalPermissionStorePlugin:0x5d93249596c0> Failed to call Lookup: GDBus.Error:org.freedesktop.portal.Error.NotFound: No entry for camera,Cron Job,WARNING:575;DEBUG:30012;INFO:2981;ERROR:285
2026/01/28 - 01:10:33,ERROR,/var/log/syslog,"2026-01-28T01:10:33.322224+03:00 creemanPC dockerd[1784]: time=""2026-01-28T01:10:33.322103473+03:00"" level=info msg=""Deleting nftables IPv4 rules"" error=""exit status 1""",Cron Job,WARNING:575;DEBUG:30012;INFO:2981;ERROR:285
2026/01/28 - 01:10:33,ERROR,/var/log/syslog,"2026-01-28T01:10:33.339049+03:00 creemanPC dockerd[1784]: time=""2026-01-28T01:10:33.338769164+03:00"" level=info msg=""Deleting nftables IPv6 rules"" error=""exit status 1""",Cron Job,WARNING:575;DEBUG:30012;INFO:2981;ERROR:285
2026/01/28 - 01:10:34,ERROR,/var/log/syslog,"2026-01-28T01:10:34.341852+03:00 creemanPC systemd[1]: casper-md5check.service: Main process exited, code=exited, status=1/FAILURE",Cron Job,WARNING:575;DEBUG:30012;INFO:2981;ERROR:285
2026/01/28 - 01:10:50,ERROR,/var/log/syslog,2026-01-28T01:10:50.378530+03:00 creemanPC cinnamon-session-binary[1314]: WARNING: t+20.75397s: Unable to restart system via systemd: GDBus.Error:org.freedesktop.login1.OperationInProgress: There's already a shutdown or sleep operation in progress,Cron Job,WARNING:575;DEBUG:30012;INFO:2981;ERROR:285
2026/01/28 - 01:10:50,ERROR,/var/log/syslog,"2026-01-28T01:10:50.429979+03:00 creemanPC dockerd[1784]: time=""2026-01-28T01:10:50.429632390+03:00"" level=info msg=""stopping event stream following graceful shutdown"" error=""<nil>"" module=libcontainerd namespace=moby",Cron Job,WARNING:575;DEBUG:30012;INFO:2981;ERROR:285
2026/01/28 - 22:29:29,ERROR,/var/log/syslog,"2026-01-28T22:29:29.398029+03:00 creemanPC kernel: ACPI BIOS Error (bug): Could not resolve symbol [\_SB.PC00.RP08.CMDR], AE_NOT_FOUND (20230628/psargs-332)",Cron Job,WARNING:575;DEBUG:30012;INFO:2981;ERROR:285
2026/01/28 - 22:29:29,ERROR,/var/log/syslog,2026-01-28T22:29:29.398094+03:00 creemanPC kernel: ACPI Error: Aborting method \_SB.PC00.RP05.PCRP._ON due to previous error (AE_NOT_FOUND) (20230628/psparse-529),Cron Job,WARNING:575;DEBUG:30012;INFO:2981;ERROR:285
2026/01/28 - 22:29:29,ERROR,/var/log/syslog,2026-01-28T22:29:29.399792+03:00 creemanPC kernel: EDAC igen6 MC1: HANDLING IBECC MEMORY ERROR,Cron Job,WARNING:575;DEBUG:30012;INFO:2981;ERROR:285
2026/01/28 - 22:29:29,ERROR,/var/log/syslog,2026-01-28T22:29:29.399794+03:00 creemanPC kernel: EDAC igen6 MC0: HANDLING IBECC MEMORY ERROR,Cron Job,WARNING:575;DEBUG:30012;INFO:2981;ERROR:285
2026/01/28 - 22:29:30,ERROR,/var/log/syslog,"2026-01-28T22:29:30.634923+03:00 creemanPC containerd[1229]: time=""2026-01-28T22:29:30.634803165+03:00"" level=info msg=""skip loading plugin"" error=""no scratch file generator: skip plugin"" id=io.containerd.snapshotter.v1.blockfile type=io.containerd.snapshotter.v1",Cron Job,WARNING:575;DEBUG:30012;INFO:2981;ERROR:285
2026/01/28 - 22:29:30,ERROR,/var/log/syslog,"2026-01-28T22:29:30.635022+03:00 creemanPC containerd[1229]: time=""2026-01-28T22:29:30.634988550+03:00"" level=info msg=""skip loading plugin"" error=""path /var/lib/containerd/io.containerd.snapshotter.v1.btrfs (ext4) must be a btrfs filesystem to be used with the btrfs snapshotter: skip plugin"" id=io.containerd.snapshotter.v1.btrfs type=io.containerd.snapshotter.v1",Cron Job,WARNING:575;DEBUG:30012;INFO:2981;ERROR:285
2026/01/28 - 22:29:30,ERROR,/var/log/syslog,"2026-01-28T22:29:30.635086+03:00 creemanPC containerd[1229]: time=""2026-01-28T22:29:30.635017125+03:00"" level=info msg=""skip loading plugin"" error=""devmapper not configured: skip plugin"" id=io.containerd.snapshotter.v1.devmapper type=io.containerd.snapshotter.v1",Cron Job,WARNING:575;DEBUG:30012;INFO:2981;ERROR:285
2026/01/28 - 22:29:30,ERROR,/var/log/syslog,"2026-01-28T22:29:30.635397+03:00 creemanPC containerd[1229]: time=""2026-01-28T22:29:30.635374094+03:00"" level=info msg=""skip loading plugin"" error=""EROFS unsupported, please `modprobe erofs`: skip plugin"" id=io.containerd.snapshotter.v1.erofs type=io.containerd.snapshotter.v1",Cron Job,WARNING:575;DEBUG:30012;INFO:2981;ERROR:285
2026/01/28 - 22:29:30,ERROR,/var/log/syslog,"2026-01-28T22:29:30.636932+03:00 creemanPC containerd[1229]: time=""2026-01-28T22:29:30.636801042+03:00"" level=info msg=""skip loading plugin"" error=""lstat /var/lib/containerd/io.containerd.snapshotter.v1.zfs: no such file or directory: skip plugin"" id=io.containerd.snapshotter.v1.zfs type=io.containerd.snapshotter.v1",Cron Job,WARNING:575;DEBUG:30012;INFO:2981;ERROR:285
2026/01/28 - 22:29:30,ERROR,/var/log/syslog,"2026-01-28T22:29:30.675605+03:00 creemanPC containerd[1229]: time=""2026-01-28T22:29:30.675450806+03:00"" level=info msg=""skip loading plugin"" error=""failed to check mkfs.erofs availability: failed to run mkfs.erofs --help: exec: \""mkfs.erofs\"": executable file not found in $PATH: skip plugin"" id=io.containerd.differ.v1.erofs type=io.containerd.differ.v1",Cron Job,WARNING:575;DEBUG:30012;INFO:2981;ERROR:285
2026/01/28 - 22:29:30,ERROR,/var/log/syslog,"2026-01-28T22:29:30.679105+03:00 creemanPC containerd[1229]: time=""2026-01-28T22:29:30.679068755+03:00"" level=info msg=""skip loading plugin"" error=""skip plugin: tracing endpoint not configured"" id=io.containerd.tracing.processor.v1.otlp type=io.containerd.tracing.processor.v1",Cron Job,WARNING:575;DEBUG:30012;INFO:2981;ERROR:285
2026/01/28 - 22:29:30,ERROR,/var/log/syslog,"2026-01-28T22:29:30.679153+03:00 creemanPC containerd[1229]: time=""2026-01-28T22:29:30.679096471+03:00"" level=info msg=""skip loading plugin"" error=""skip plugin: tracing endpoint not configured"" id=io.containerd.internal.v1.tracing type=io.containerd.internal.v1",Cron Job,WARNING:575;DEBUG:30012;INFO:2981;ERROR:285
2026/01/28 - 22:29:32,ERROR,/var/log/syslog,2026-01-28T22:29:32.577375+03:00 creemanPC pipewire[1319]: mod.jackdbus-detect: Failed to receive jackdbus reply: org.freedesktop.DBus.Error.ServiceUnknown: The name org.jackaudio.service was not provided by any .service files,Cron Job,WARNING:575;DEBUG:30012;INFO:2981;ERROR:285
2026/01/28 - 22:29:33,ERROR,/var/log/syslog,2026-01-28T22:29:33.152049+03:00 creemanPC wireplumber[1321]: <WpPortalPermissionStorePlugin:0x5f7fcc7679b0> Failed to call Lookup: GDBus.Error:org.freedesktop.portal.Error.NotFound: No entry for camera,Cron Job,WARNING:575;DEBUG:30012;INFO:2981;ERROR:285
2026/01/28 - 22:29:36,ERROR,/var/log/syslog,"2026-01-28T22:29:36.515216+03:00 creemanPC dockerd[1803]: time=""2026-01-28T22:29:36.514639852+03:00"" level=info msg=""Deleting nftables IPv4 rules"" error=""exit status 1""",Cron Job,WARNING:575;DEBUG:30012;INFO:2981;ERROR:285
2026/01/28 - 22:29:36,ERROR,/var/log/syslog,"2026-01-28T22:29:36.528932+03:00 creemanPC dockerd[1803]: time=""2026-01-28T22:29:36.528690628+03:00"" level=info msg=""Deleting nftables IPv6 rules"" error=""exit status 1""",Cron Job,WARNING:575;DEBUG:30012;INFO:2981;ERROR:285
2026/01/28 - 22:29:37,ERROR,/var/log/syslog,"2026-01-28T22:29:37.533247+03:00 creemanPC systemd[1]: casper-md5check.service: Main process exited, code=exited, status=1/FAILURE",Cron Job,WARNING:575;DEBUG:30012;INFO:2981;ERROR:285
2026/01/28 - 22:32:23,ERROR,/var/log/syslog,2026-01-28T22:32:23.997827+03:00 creemanPC cinnamon-session-binary[1322]: WARNING: t+171.17011s: Unable to restart system via systemd: GDBus.Error:org.freedesktop.login1.OperationInProgress: There's already a shutdown or sleep operation in progress,Cron Job,WARNING:575;DEBUG:30012;INFO:2981;ERROR:285
2026/01/28 - 22:32:24,ERROR,/var/log/syslog,"2026-01-28T22:32:24.051342+03:00 creemanPC dockerd[1803]: time=""2026-01-28T22:32:24.050887091+03:00"" level=info msg=""stopping event stream following graceful shutdown"" error=""<nil>"" module=libcontainerd namespace=moby",Cron Job,WARNING:575;DEBUG:30012;INFO:2981;ERROR:285
2026/01/28 - 22:32:24,ERROR,/var/log/syslog,"2026-01-28T22:32:24.051935+03:00 creemanPC dockerd[1803]: time=""2026-01-28T22:32:24.051704768+03:00"" level=info msg=""stopping event stream following graceful shutdown"" error=""context canceled"" module=libcontainerd namespace=plugins.moby",Cron Job,WARNING:575;DEBUG:30012;INFO:2981;ERROR:285
2026/01/28 - 22:32:53,ERROR,/var/log/syslog,"2026-01-28T22:32:53.199980+03:00 creemanPC kernel: ACPI BIOS Error (bug): Could not resolve symbol [\_SB.PC00.RP08.CMDR], AE_NOT_FOUND (20230628/psargs-332)",Cron Job,WARNING:575;DEBUG:30012;INFO:2981;ERROR:285
2026/01/28 - 22:32:53,ERROR,/var/log/syslog,2026-01-28T22:32:53.200085+03:00 creemanPC kernel: ACPI Error: Aborting method \_SB.PC00.RP05.PCRP._ON due to previous error (AE_NOT_FOUND) (20230628/psparse-529),Cron Job,WARNING:575;DEBUG:30012;INFO:2981;ERROR:285
2026/01/28 - 22:32:53,ERROR,/var/log/syslog,2026-01-28T22:32:53.203303+03:00 creemanPC kernel: EDAC igen6 MC1: HANDLING IBECC MEMORY ERROR,Cron Job,WARNING:575;DEBUG:30012;INFO:2981;ERROR:285
2026/01/28 - 22:32:53,ERROR,/var/log/syslog,2026-01-28T22:32:53.203304+03:00 creemanPC kernel: EDAC igen6 MC0: HANDLING IBECC MEMORY ERROR,Cron Job,WARNING:575;DEBUG:30012;INFO:2981;ERROR:285
2026/01/28 - 22:32:54,ERROR,/var/log/syslog,"2026-01-28T22:32:54.477024+03:00 creemanPC containerd[1173]: time=""2026-01-28T22:32:54.476992802+03:00"" level=info msg=""skip loading plugin"" error=""no scratch file generator: skip plugin"" id=io.containerd.snapshotter.v1.blockfile type=io.containerd.snapshotter.v1",Cron Job,WARNING:575;DEBUG:30012;INFO:2981;ERROR:285
2026/01/28 - 22:32:54,ERROR,/var/log/syslog,"2026-01-28T22:32:54.477199+03:00 creemanPC containerd[1173]: time=""2026-01-28T22:32:54.477166978+03:00"" level=info msg=""skip loading plugin"" error=""path /var/lib/containerd/io.containerd.snapshotter.v1.btrfs (ext4) must be a btrfs filesystem to be used with the btrfs snapshotter: skip plugin"" id=io.containerd.snapshotter.v1.btrfs type=io.containerd.snapshotter.v1",Cron Job,WARNING:575;DEBUG:30012;INFO:2981;ERROR:285
2026/01/28 - 22:32:54,ERROR,/var/log/syslog,"2026-01-28T22:32:54.477246+03:00 creemanPC containerd[1173]: time=""2026-01-28T22:32:54.477198382+03:00"" level=info msg=""skip loading plugin"" error=""devmapper not configured: skip plugin"" id=io.containerd.snapshotter.v1.devmapper type=io.containerd.snapshotter.v1",Cron Job,WARNING:575;DEBUG:30012;INFO:2981;ERROR:285
2026/01/28 - 22:32:54,ERROR,/var/log/syslog,"2026-01-28T22:32:54.477571+03:00 creemanPC containerd[1173]: time=""2026-01-28T22:32:54.477460702+03:00"" level=info msg=""skip loading plugin"" error=""EROFS unsupported, please `modprobe erofs`: skip plugin"" id=io.containerd.snapshotter.v1.erofs type=io.containerd.snapshotter.v1",Cron Job,WARNING:575;DEBUG:30012;INFO:2981;ERROR:285
2026/01/28 - 22:32:54,ERROR,/var/log/syslog,"2026-01-28T22:32:54.477793+03:00 creemanPC containerd[1173]: time=""2026-01-28T22:32:54.477770940+03:00"" level=info msg=""skip loading plugin"" error=""lstat /var/lib/containerd/io.containerd.snapshotter.v1.zfs: no such file or directory: skip plugin"" id=io.containerd.snapshotter.v1.zfs type=io.containerd.snapshotter.v1",Cron Job,WARNING:575;DEBUG:30012;INFO:2981;ERROR:285
2026/01/28 - 22:32:54,ERROR,/var/log/syslog,"2026-01-28T22:32:54.515005+03:00 creemanPC containerd[1173]: time=""2026-01-28T22:32:54.514615698+03:00"" level=info msg=""skip loading plugin"" error=""failed to check mkfs.erofs availability: failed to run mkfs.erofs --help: exec: \""mkfs.erofs\"": executable file not found in $PATH: skip plugin"" id=io.containerd.differ.v1.erofs type=io.containerd.differ.v1",Cron Job,WARNING:575;DEBUG:30012;INFO:2981;ERROR:285
2026/01/28 - 22:32:54,ERROR,/var/log/syslog,"2026-01-28T22:32:54.518254+03:00 creemanPC containerd[1173]: time=""2026-01-28T22:32:54.518217537+03:00"" level=info msg=""skip loading plugin"" error=""skip plugin: tracing endpoint not configured"" id=io.containerd.tracing.processor.v1.otlp type=io.containerd.tracing.processor.v1",Cron Job,WARNING:575;DEBUG:30012;INFO:2981;ERROR:285
2026/01/28 - 22:32:54,ERROR,/var/log/syslog,"2026-01-28T22:32:54.518313+03:00 creemanPC containerd[1173]: time=""2026-01-28T22:32:54.518256660+03:00"" level=info msg=""skip loading plugin"" error=""skip plugin: tracing endpoint not configured"" id=io.containerd.internal.v1.tracing type=io.containerd.internal.v1",Cron Job,WARNING:575;DEBUG:30012;INFO:2981;ERROR:285
2026/01/28 - 22:32:56,ERROR,/var/log/syslog,2026-01-28T22:32:56.425614+03:00 creemanPC pipewire[1270]: mod.jackdbus-detect: Failed to receive jackdbus reply: org.freedesktop.DBus.Error.ServiceUnknown: The name org.jackaudio.service was not provided by any .service files,Cron Job,WARNING:575;DEBUG:30012;INFO:2981;ERROR:285
2026/01/28 - 22:32:56,ERROR,/var/log/syslog,2026-01-28T22:32:56.996381+03:00 creemanPC wireplumber[1272]: <WpPortalPermissionStorePlugin:0x62879d389bb0> Failed to call Lookup: GDBus.Error:org.freedesktop.portal.Error.NotFound: No entry for camera,Cron Job,WARNING:575;DEBUG:30012;INFO:2981;ERROR:285
2026/01/28 - 22:33:00,ERROR,/var/log/syslog,"2026-01-28T22:33:00.369634+03:00 creemanPC dockerd[1750]: time=""2026-01-28T22:33:00.369045157+03:00"" level=info msg=""Deleting nftables IPv4 rules"" error=""exit status 1""",Cron Job,WARNING:575;DEBUG:30012;INFO:2981;ERROR:285
2026/01/28 - 22:33:00,ERROR,/var/log/syslog,"2026-01-28T22:33:00.382477+03:00 creemanPC dockerd[1750]: time=""2026-01-28T22:33:00.382296899+03:00"" level=info msg=""Deleting nftables IPv6 rules"" error=""exit status 1""",Cron Job,WARNING:575;DEBUG:30012;INFO:2981;ERROR:285
2026/01/28 - 22:33:01,ERROR,/var/log/syslog,"2026-01-28T22:33:01.384336+03:00 creemanPC systemd[1]: casper-md5check.service: Main process exited, code=exited, status=1/FAILURE",Cron Job,WARNING:575;DEBUG:30012;INFO:2981;ERROR:285
2026/01/28 - 22:35:37,ERROR,/var/log/syslog,2026-01-28T22:35:37.155150+03:00 creemanPC cinnamon-session-binary[1274]: WARNING: t+160.48062s: Unable to restart system via systemd: GDBus.Error:org.freedesktop.login1.OperationInProgress: There's already a shutdown or sleep operation in progress,Cron Job,WARNING:575;DEBUG:30012;INFO:2981;ERROR:285
2026/01/28 - 22:35:37,ERROR,/var/log/syslog,"2026-01-28T22:35:37.205000+03:00 creemanPC dockerd[1750]: time=""2026-01-28T22:35:37.204836416+03:00"" level=info msg=""stopping event stream following graceful shutdown"" error=""<nil>"" module=libcontainerd namespace=moby",Cron Job,WARNING:575;DEBUG:30012;INFO:2981;ERROR:285
2026/01/28 - 22:35:37,ERROR,/var/log/syslog,"2026-01-28T22:35:37.206524+03:00 creemanPC dockerd[1750]: time=""2026-01-28T22:35:37.205305278+03:00"" level=info msg=""stopping event stream following graceful shutdown"" error=""context canceled"" module=libcontainerd namespace=plugins.moby",Cron Job,WARNING:575;DEBUG:30012;INFO:2981;ERROR:285
2026/01/30 - 18:46:26,ERROR,/var/log/syslog,"2026-01-30T18:46:26.424347+03:00 creemanPC kernel: ACPI BIOS Error (bug): Could not resolve symbol [\_SB.PC00.RP08.CMDR], AE_NOT_FOUND (20230628/psargs-332)",Cron Job,WARNING:575;DEBUG:30012;INFO:2981;ERROR:285
2026/01/30 - 18:46:26,ERROR,/var/log/syslog,2026-01-30T18:46:26.424439+03:00 creemanPC kernel: ACPI Error: Aborting method \_SB.PC00.RP05.PCRP._ON due to previous error (AE_NOT_FOUND) (20230628/psparse-529),Cron Job,WARNING:575;DEBUG:30012;INFO:2981;ERROR:285
2026/01/30 - 18:46:26,ERROR,/var/log/syslog,2026-01-30T18:46:26.425251+03:00 creemanPC kernel: unchecked MSR access error: WRMSR to 0xd10 (tried to write 0x000000000000ffff) at rIP: 0xffffffffa7ac6c04 (native_write_msr+0x4/0x40),Cron Job,WARNING:575;DEBUG:30012;INFO:2981;ERROR:285
2026/01/30 - 18:46:26,ERROR,/var/log/syslog,2026-01-30T18:46:26.426404+03:00 creemanPC kernel: EDAC igen6 MC1: HANDLING IBECC MEMORY ERROR,Cron Job,WARNING:575;DEBUG:30012;INFO:2981;ERROR:285
2026/01/30 - 18:46:26,ERROR,/var/log/syslog,2026-01-30T18:46:26.426406+03:00 creemanPC kernel: EDAC igen6 MC0: HANDLING IBECC MEMORY ERROR,Cron Job,WARNING:575;DEBUG:30012;INFO:2981;ERROR:285
2026/01/30 - 18:46:27,ERROR,/var/log/syslog,"2026-01-30T18:46:27.704068+03:00 creemanPC containerd[1253]: time=""2026-01-30T18:46:27.704044000+03:00"" level=info msg=""skip loading plugin"" error=""no scratch file generator: skip plugin"" id=io.containerd.snapshotter.v1.blockfile type=io.containerd.snapshotter.v1",Cron Job,WARNING:575;DEBUG:30012;INFO:2981;ERROR:285
2026/01/30 - 18:46:27,ERROR,/var/log/syslog,"2026-01-30T18:46:27.704244+03:00 creemanPC containerd[1253]: time=""2026-01-30T18:46:27.704214756+03:00"" level=info msg=""skip loading plugin"" error=""path /var/lib/containerd/io.containerd.snapshotter.v1.btrfs (ext4) must be a btrfs filesystem to be used with the btrfs snapshotter: skip plugin"" id=io.containerd.snapshotter.v1.btrfs type=io.containerd.snapshotter.v1",Cron Job,WARNING:575;DEBUG:30012;INFO:2981;ERROR:285
2026/01/30 - 18:46:27,ERROR,/var/log/syslog,"2026-01-30T18:46:27.704289+03:00 creemanPC containerd[1253]: time=""2026-01-30T18:46:27.704243631+03:00"" level=info msg=""skip loading plugin"" error=""devmapper not configured: skip plugin"" id=io.containerd.snapshotter.v1.devmapper type=io.containerd.snapshotter.v1",Cron Job,WARNING:575;DEBUG:30012;INFO:2981;ERROR:285
2026/01/30 - 18:46:27,ERROR,/var/log/syslog,"2026-01-30T18:46:27.704568+03:00 creemanPC containerd[1253]: time=""2026-01-30T18:46:27.704542709+03:00"" level=info msg=""skip loading plugin"" error=""EROFS unsupported, please `modprobe erofs`: skip plugin"" id=io.containerd.snapshotter.v1.erofs type=io.containerd.snapshotter.v1",Cron Job,WARNING:575;DEBUG:30012;INFO:2981;ERROR:285
2026/01/30 - 18:46:27,ERROR,/var/log/syslog,"2026-01-30T18:46:27.704880+03:00 creemanPC containerd[1253]: time=""2026-01-30T18:46:27.704857816+03:00"" level=info msg=""skip loading plugin"" error=""lstat /var/lib/containerd/io.containerd.snapshotter.v1.zfs: no such file or directory: skip plugin"" id=io.containerd.snapshotter.v1.zfs type=io.containerd.snapshotter.v1",Cron Job,WARNING:575;DEBUG:30012;INFO:2981;ERROR:285
2026/01/30 - 18:46:27,ERROR,/var/log/syslog,"2026-01-30T18:46:27.753305+03:00 creemanPC containerd[1253]: time=""2026-01-30T18:46:27.753259754+03:00"" level=info msg=""skip loading plugin"" error=""failed to check mkfs.erofs availability: failed to run mkfs.erofs --help: exec: \""mkfs.erofs\"": executable file not found in $PATH: skip plugin"" id=io.containerd.differ.v1.erofs type=io.containerd.differ.v1",Cron Job,WARNING:575;DEBUG:30012;INFO:2981;ERROR:285
2026/01/30 - 18:46:27,ERROR,/var/log/syslog,"2026-01-30T18:46:27.755525+03:00 creemanPC containerd[1253]: time=""2026-01-30T18:46:27.755421574+03:00"" level=info msg=""skip loading plugin"" error=""skip plugin: tracing endpoint not configured"" id=io.containerd.tracing.processor.v1.otlp type=io.containerd.tracing.processor.v1",Cron Job,WARNING:575;DEBUG:30012;INFO:2981;ERROR:285
2026/01/30 - 18:46:27,ERROR,/var/log/syslog,"2026-01-30T18:46:27.755647+03:00 creemanPC containerd[1253]: time=""2026-01-30T18:46:27.755444048+03:00"" level=info msg=""skip loading plugin"" error=""skip plugin: tracing endpoint not configured"" id=io.containerd.internal.v1.tracing type=io.containerd.internal.v1",Cron Job,WARNING:575;DEBUG:30012;INFO:2981;ERROR:285
2026/01/30 - 18:46:29,ERROR,/var/log/syslog,2026-01-30T18:46:29.645944+03:00 creemanPC pipewire[1349]: mod.jackdbus-detect: Failed to receive jackdbus reply: org.freedesktop.DBus.Error.ServiceUnknown: The name org.jackaudio.service was not provided by any .service files,Cron Job,WARNING:575;DEBUG:30012;INFO:2981;ERROR:285
2026/01/30 - 18:46:30,ERROR,/var/log/syslog,2026-01-30T18:46:30.227988+03:00 creemanPC wireplumber[1351]: <WpPortalPermissionStorePlugin:0x60ace52c1b80> Failed to call Lookup: GDBus.Error:org.freedesktop.portal.Error.NotFound: No entry for camera,Cron Job,WARNING:575;DEBUG:30012;INFO:2981;ERROR:285
2026/01/30 - 18:46:33,ERROR,/var/log/syslog,"2026-01-30T18:46:33.609801+03:00 creemanPC dockerd[1831]: time=""2026-01-30T18:46:33.609507013+03:00"" level=info msg=""Deleting nftables IPv4 rules"" error=""exit status 1""",Cron Job,WARNING:575;DEBUG:30012;INFO:2981;ERROR:285
2026/01/30 - 18:46:33,ERROR,/var/log/syslog,"2026-01-30T18:46:33.626584+03:00 creemanPC dockerd[1831]: time=""2026-01-30T18:46:33.626052584+03:00"" level=info msg=""Deleting nftables IPv6 rules"" error=""exit status 1""",Cron Job,WARNING:575;DEBUG:30012;INFO:2981;ERROR:285
2026/01/30 - 18:46:34,ERROR,/var/log/syslog,"2026-01-30T18:46:34.597767+03:00 creemanPC systemd[1]: casper-md5check.service: Main process exited, code=exited, status=1/FAILURE",Cron Job,WARNING:575;DEBUG:30012;INFO:2981;ERROR:285
2026/01/30 - 20:50:06,ERROR,/var/log/syslog,2026-01-30T20:50:06.429999+03:00 creemanPC cinnamon-screensaver-pam-helper: pam_ecryptfs: seteuid error,Cron Job,WARNING:575;DEBUG:30012;INFO:2981;ERROR:285
2026/01/30 - 20:50:11,ERROR,/var/log/syslog,"2026-01-30T20:50:11.728897+03:00 creemanPC dockerd[1831]: time=""2026-01-30T20:50:11.723735706+03:00"" level=info msg=""stopping event stream following graceful shutdown"" error=""context canceled"" module=libcontainerd namespace=plugins.moby",Cron Job,WARNING:575;DEBUG:30012;INFO:2981;ERROR:285
2026/01/31 - 00:04:26,ERROR,/var/log/syslog,"2026-01-31T00:04:26.206195+03:00 creemanPC kernel: ACPI BIOS Error (bug): Could not resolve symbol [\_SB.PC00.RP08.CMDR], AE_NOT_FOUND (20230628/psargs-332)",Cron Job,WARNING:575;DEBUG:30012;INFO:2981;ERROR:285
2026/01/31 - 00:04:26,ERROR,/var/log/syslog,2026-01-31T00:04:26.206312+03:00 creemanPC kernel: ACPI Error: Aborting method \_SB.PC00.RP05.PCRP._ON due to previous error (AE_NOT_FOUND) (20230628/psparse-529),Cron Job,WARNING:575;DEBUG:30012;INFO:2981;ERROR:285
2026/01/31 - 00:04:26,ERROR,/var/log/syslog,2026-01-31T00:04:26.207446+03:00 creemanPC kernel: unchecked MSR access error: WRMSR to 0xd10 (tried to write 0x000000000000ffff) at rIP: 0xffffffffaf4c6c04 (native_write_msr+0x4/0x40),Cron Job,WARNING:575;DEBUG:30012;INFO:2981;ERROR:285
2026/01/31 - 00:04:26,ERROR,/var/log/syslog,2026-01-31T00:04:26.209034+03:00 creemanPC kernel: EDAC igen6 MC1: HANDLING IBECC MEMORY ERROR,Cron Job,WARNING:575;DEBUG:30012;INFO:2981;ERROR:285
2026/01/31 - 00:04:26,ERROR,/var/log/syslog,2026-01-31T00:04:26.209036+03:00 creemanPC kernel: EDAC igen6 MC0: HANDLING IBECC MEMORY ERROR,Cron Job,WARNING:575;DEBUG:30012;INFO:2981;ERROR:285
2026/01/31 - 00:04:26,ERROR,/var/log/syslog,2026-01-31T00:04:26.209527+03:00 creemanPC kernel: iwlwifi: probe of 0000:00:14.3 failed with error -110,Cron Job,WARNING:575;DEBUG:30012;INFO:2981;ERROR:285
2026/01/31 - 00:04:26,ERROR,/var/log/syslog,2026-01-31T00:04:26.210439+03:00 creemanPC kernel: Bluetooth: hci0: FW download error recovery failed (-19),Cron Job,WARNING:575;DEBUG:30012;INFO:2981;ERROR:285
2026/01/31 - 00:04:26,ERROR,/var/log/syslog,"2026-01-31T00:04:26.237744+03:00 creemanPC kernel: usb 3-10: device descriptor read/64, error -71",Cron Job,WARNING:575;DEBUG:30012;INFO:2981;ERROR:285
2026/01/31 - 00:04:26,ERROR,/var/log/syslog,"2026-01-31T00:04:26.458669+03:00 creemanPC kernel: usb 3-10: device descriptor read/64, error -71",Cron Job,WARNING:575;DEBUG:30012;INFO:2981;ERROR:285
2026/01/31 - 00:04:26,ERROR,/var/log/syslog,"2026-01-31T00:04:26.798754+03:00 creemanPC kernel: usb 3-10: device descriptor read/64, error -71",Cron Job,WARNING:575;DEBUG:30012;INFO:2981;ERROR:285
2026/01/31 - 00:04:27,ERROR,/var/log/syslog,"2026-01-31T00:04:27.020754+03:00 creemanPC kernel: usb 3-10: device descriptor read/64, error -71",Cron Job,WARNING:575;DEBUG:30012;INFO:2981;ERROR:285
2026/01/31 - 00:04:27,ERROR,/var/log/syslog,"2026-01-31T00:04:27.216015+03:00 creemanPC containerd[1206]: time=""2026-01-31T00:04:27.215989845+03:00"" level=info msg=""skip loading plugin"" error=""no scratch file generator: skip plugin"" id=io.containerd.snapshotter.v1.blockfile type=io.containerd.snapshotter.v1",Cron Job,WARNING:575;DEBUG:30012;INFO:2981;ERROR:285
2026/01/31 - 00:04:27,ERROR,/var/log/syslog,"2026-01-31T00:04:27.216449+03:00 creemanPC containerd[1206]: time=""2026-01-31T00:04:27.216297243+03:00"" level=info msg=""skip loading plugin"" error=""path /var/lib/containerd/io.containerd.snapshotter.v1.btrfs (ext4) must be a btrfs filesystem to be used with the btrfs snapshotter: skip plugin"" id=io.containerd.snapshotter.v1.btrfs type=io.containerd.snapshotter.v1",Cron Job,WARNING:575;DEBUG:30012;INFO:2981;ERROR:285
2026/01/31 - 00:04:27,ERROR,/var/log/syslog,"2026-01-31T00:04:27.217747+03:00 creemanPC containerd[1206]: time=""2026-01-31T00:04:27.216727888+03:00"" level=info msg=""skip loading plugin"" error=""devmapper not configured: skip plugin"" id=io.containerd.snapshotter.v1.devmapper type=io.containerd.snapshotter.v1",Cron Job,WARNING:575;DEBUG:30012;INFO:2981;ERROR:285
2026/01/31 - 00:04:27,ERROR,/var/log/syslog,"2026-01-31T00:04:27.218283+03:00 creemanPC containerd[1206]: time=""2026-01-31T00:04:27.218221835+03:00"" level=info msg=""skip loading plugin"" error=""EROFS unsupported, please `modprobe erofs`: skip plugin"" id=io.containerd.snapshotter.v1.erofs type=io.containerd.snapshotter.v1",Cron Job,WARNING:575;DEBUG:30012;INFO:2981;ERROR:285
2026/01/31 - 00:04:27,ERROR,/var/log/syslog,"2026-01-31T00:04:27.218712+03:00 creemanPC containerd[1206]: time=""2026-01-31T00:04:27.218673440+03:00"" level=info msg=""skip loading plugin"" error=""lstat /var/lib/containerd/io.containerd.snapshotter.v1.zfs: no such file or directory: skip plugin"" id=io.containerd.snapshotter.v1.zfs type=io.containerd.snapshotter.v1",Cron Job,WARNING:575;DEBUG:30012;INFO:2981;ERROR:285
2026/01/31 - 00:04:27,ERROR,/var/log/syslog,"2026-01-31T00:04:27.256697+03:00 creemanPC containerd[1206]: time=""2026-01-31T00:04:27.256656519+03:00"" level=info msg=""skip loading plugin"" error=""failed to check mkfs.erofs availability: failed to run mkfs.erofs --help: exec: \""mkfs.erofs\"": executable file not found in $PATH: skip plugin"" id=io.containerd.differ.v1.erofs type=io.containerd.differ.v1",Cron Job,WARNING:575;DEBUG:30012;INFO:2981;ERROR:285
2026/01/31 - 00:04:27,ERROR,/var/log/syslog,"2026-01-31T00:04:27.259079+03:00 creemanPC containerd[1206]: time=""2026-01-31T00:04:27.259006372+03:00"" level=info msg=""skip loading plugin"" error=""skip plugin: tracing endpoint not configured"" id=io.containerd.tracing.processor.v1.otlp type=io.containerd.tracing.processor.v1",Cron Job,WARNING:575;DEBUG:30012;INFO:2981;ERROR:285
2026/01/31 - 00:04:27,ERROR,/var/log/syslog,"2026-01-31T00:04:27.259129+03:00 creemanPC containerd[1206]: time=""2026-01-31T00:04:27.259060588+03:00"" level=info msg=""skip loading plugin"" error=""skip plugin: tracing endpoint not configured"" id=io.containerd.internal.v1.tracing type=io.containerd.internal.v1",Cron Job,WARNING:575;DEBUG:30012;INFO:2981;ERROR:285
2026/01/31 - 00:04:27,ERROR,/var/log/syslog,"2026-01-31T00:04:27.926704+03:00 creemanPC kernel: usb 3-10: device not accepting address 11, error -71",Cron Job,WARNING:575;DEBUG:30012;INFO:2981;ERROR:285
2026/01/31 - 00:04:28,ERROR,/var/log/syslog,"2026-01-31T00:04:28.454598+03:00 creemanPC kernel: usb 3-10: device not accepting address 12, error -71",Cron Job,WARNING:575;DEBUG:30012;INFO:2981;ERROR:285
2026/01/31 - 00:04:29,ERROR,/var/log/syslog,2026-01-31T00:04:29.081446+03:00 creemanPC pipewire[1346]: mod.jackdbus-detect: Failed to receive jackdbus reply: org.freedesktop.DBus.Error.ServiceUnknown: The name org.jackaudio.service was not provided by any .service files,Cron Job,WARNING:575;DEBUG:30012;INFO:2981;ERROR:285
2026/01/31 - 00:04:29,ERROR,/var/log/syslog,2026-01-31T00:04:29.642454+03:00 creemanPC wireplumber[1349]: <WpPortalPermissionStorePlugin:0x5b611a28fd70> Failed to call Lookup: GDBus.Error:org.freedesktop.portal.Error.NotFound: No entry for camera,Cron Job,WARNING:575;DEBUG:30012;INFO:2981;ERROR:285
2026/01/31 - 00:04:33,ERROR,/var/log/syslog,"2026-01-31T00:04:33.375018+03:00 creemanPC dockerd[1755]: time=""2026-01-31T00:04:33.374487104+03:00"" level=info msg=""Deleting nftables IPv4 rules"" error=""exit status 1""",Cron Job,WARNING:575;DEBUG:30012;INFO:2981;ERROR:285
2026/01/31 - 00:04:33,ERROR,/var/log/syslog,"2026-01-31T00:04:33.395409+03:00 creemanPC dockerd[1755]: time=""2026-01-31T00:04:33.394981315+03:00"" level=info msg=""Deleting nftables IPv6 rules"" error=""exit status 1""",Cron Job,WARNING:575;DEBUG:30012;INFO:2981;ERROR:285
2026/01/31 - 00:04:34,ERROR,/var/log/syslog,"2026-01-31T00:04:34.021416+03:00 creemanPC systemd[1]: casper-md5check.service: Main process exited, code=exited, status=1/FAILURE",Cron Job,WARNING:575;DEBUG:30012;INFO:2981;ERROR:285
2026/01/31 - 00:04:54,ERROR,/var/log/syslog,2026-01-31T00:04:54.659344+03:00 creemanPC gvfs-udisks2-vo[1637]: Failed to connect to UDisks: Error calling StartServiceByName for org.freedesktop.UDisks2: Failed to activate service 'org.freedesktop.UDisks2': timed out (service_start_timeout=25000ms),Cron Job,WARNING:575;DEBUG:30012;INFO:2981;ERROR:285
2026/01/31 - 00:05:19,ERROR,/var/log/syslog,"2026-01-31T00:05:19.106752+03:00 creemanPC dockerd[1755]: time=""2026-01-31T00:05:19.106461786+03:00"" level=info msg=""stopping event stream following graceful shutdown"" error=""<nil>"" module=libcontainerd namespace=moby",Cron Job,WARNING:575;DEBUG:30012;INFO:2981;ERROR:285
2026/01/31 - 00:05:55,ERROR,/var/log/syslog,"2026-01-31T00:05:55.069051+03:00 creemanPC kernel: ACPI BIOS Error (bug): Could not resolve symbol [\_SB.PC00.RP08.CMDR], AE_NOT_FOUND (20230628/psargs-332)",Cron Job,WARNING:575;DEBUG:30012;INFO:2981;ERROR:285
2026/01/31 - 00:05:55,ERROR,/var/log/syslog,2026-01-31T00:05:55.069132+03:00 creemanPC kernel: ACPI Error: Aborting method \_SB.PC00.RP05.PCRP._ON due to previous error (AE_NOT_FOUND) (20230628/psparse-529),Cron Job,WARNING:575;DEBUG:30012;INFO:2981;ERROR:285
2026/01/31 - 00:05:55,ERROR,/var/log/syslog,2026-01-31T00:05:55.071467+03:00 creemanPC kernel: EDAC igen6 MC1: HANDLING IBECC MEMORY ERROR,Cron Job,WARNING:575;DEBUG:30012;INFO:2981;ERROR:285
2026/01/31 - 00:05:55,ERROR,/var/log/syslog,2026-01-31T00:05:55.071485+03:00 creemanPC kernel: EDAC igen6 MC0: HANDLING IBECC MEMORY ERROR,Cron Job,WARNING:575;DEBUG:30012;INFO:2981;ERROR:285
2026/01/31 - 00:05:56,ERROR,/var/log/syslog,"2026-01-31T00:05:56.330997+03:00 creemanPC containerd[1178]: time=""2026-01-31T00:05:56.330975546+03:00"" level=info msg=""skip loading plugin"" error=""no scratch file generator: skip plugin"" id=io.containerd.snapshotter.v1.blockfile type=io.containerd.snapshotter.v1",Cron Job,WARNING:575;DEBUG:30012;INFO:2981;ERROR:285
2026/01/31 - 00:05:56,ERROR,/var/log/syslog,"2026-01-31T00:05:56.331164+03:00 creemanPC containerd[1178]: time=""2026-01-31T00:05:56.331139563+03:00"" level=info msg=""skip loading plugin"" error=""path /var/lib/containerd/io.containerd.snapshotter.v1.btrfs (ext4) must be a btrfs filesystem to be used with the btrfs snapshotter: skip plugin"" id=io.containerd.snapshotter.v1.btrfs type=io.containerd.snapshotter.v1",Cron Job,WARNING:575;DEBUG:30012;INFO:2981;ERROR:285
2026/01/31 - 00:05:56,ERROR,/var/log/syslog,"2026-01-31T00:05:56.331209+03:00 creemanPC containerd[1178]: time=""2026-01-31T00:05:56.331164135+03:00"" level=info msg=""skip loading plugin"" error=""devmapper not configured: skip plugin"" id=io.containerd.snapshotter.v1.devmapper type=io.containerd.snapshotter.v1",Cron Job,WARNING:575;DEBUG:30012;INFO:2981;ERROR:285
2026/01/31 - 00:05:56,ERROR,/var/log/syslog,"2026-01-31T00:05:56.331414+03:00 creemanPC containerd[1178]: time=""2026-01-31T00:05:56.331393841+03:00"" level=info msg=""skip loading plugin"" error=""EROFS unsupported, please `modprobe erofs`: skip plugin"" id=io.containerd.snapshotter.v1.erofs type=io.containerd.snapshotter.v1",Cron Job,WARNING:575;DEBUG:30012;INFO:2981;ERROR:285
2026/01/31 - 00:05:56,ERROR,/var/log/syslog,"2026-01-31T00:05:56.331691+03:00 creemanPC containerd[1178]: time=""2026-01-31T00:05:56.331667778+03:00"" level=info msg=""skip loading plugin"" error=""lstat /var/lib/containerd/io.containerd.snapshotter.v1.zfs: no such file or directory: skip plugin"" id=io.containerd.snapshotter.v1.zfs type=io.containerd.snapshotter.v1",Cron Job,WARNING:575;DEBUG:30012;INFO:2981;ERROR:285
2026/01/31 - 00:05:56,ERROR,/var/log/syslog,"2026-01-31T00:05:56.374638+03:00 creemanPC containerd[1178]: time=""2026-01-31T00:05:56.374520649+03:00"" level=info msg=""skip loading plugin"" error=""failed to check mkfs.erofs availability: failed to run mkfs.erofs --help: exec: \""mkfs.erofs\"": executable file not found in $PATH: skip plugin"" id=io.containerd.differ.v1.erofs type=io.containerd.differ.v1",Cron Job,WARNING:575;DEBUG:30012;INFO:2981;ERROR:285
2026/01/31 - 00:05:56,ERROR,/var/log/syslog,"2026-01-31T00:05:56.377734+03:00 creemanPC containerd[1178]: time=""2026-01-31T00:05:56.377662506+03:00"" level=info msg=""skip loading plugin"" error=""skip plugin: tracing endpoint not configured"" id=io.containerd.tracing.processor.v1.otlp type=io.containerd.tracing.processor.v1",Cron Job,WARNING:575;DEBUG:30012;INFO:2981;ERROR:285
2026/01/31 - 00:05:56,ERROR,/var/log/syslog,"2026-01-31T00:05:56.377805+03:00 creemanPC containerd[1178]: time=""2026-01-31T00:05:56.377698606+03:00"" level=info msg=""skip loading plugin"" error=""skip plugin: tracing endpoint not configured"" id=io.containerd.internal.v1.tracing type=io.containerd.internal.v1",Cron Job,WARNING:575;DEBUG:30012;INFO:2981;ERROR:285
2026/01/31 - 00:05:58,ERROR,/var/log/syslog,2026-01-31T00:05:58.218858+03:00 creemanPC pipewire[1265]: mod.jackdbus-detect: Failed to receive jackdbus reply: org.freedesktop.DBus.Error.ServiceUnknown: The name org.jackaudio.service was not provided by any .service files,Cron Job,WARNING:575;DEBUG:30012;INFO:2981;ERROR:285
2026/01/31 - 00:05:58,ERROR,/var/log/syslog,2026-01-31T00:05:58.789852+03:00 creemanPC wireplumber[1267]: <WpPortalPermissionStorePlugin:0x5a0e32c25140> Failed to call Lookup: GDBus.Error:org.freedesktop.portal.Error.NotFound: No entry for camera,Cron Job,WARNING:575;DEBUG:30012;INFO:2981;ERROR:285
2026/01/31 - 00:06:02,ERROR,/var/log/syslog,"2026-01-31T00:06:02.191228+03:00 creemanPC dockerd[1747]: time=""2026-01-31T00:06:02.190772928+03:00"" level=info msg=""Deleting nftables IPv4 rules"" error=""exit status 1""",Cron Job,WARNING:575;DEBUG:30012;INFO:2981;ERROR:285
2026/01/31 - 00:06:02,ERROR,/var/log/syslog,"2026-01-31T00:06:02.206368+03:00 creemanPC dockerd[1747]: time=""2026-01-31T00:06:02.205850033+03:00"" level=info msg=""Deleting nftables IPv6 rules"" error=""exit status 1""",Cron Job,WARNING:575;DEBUG:30012;INFO:2981;ERROR:285
2026/01/31 - 00:06:03,ERROR,/var/log/syslog,"2026-01-31T00:06:03.205720+03:00 creemanPC systemd[1]: casper-md5check.service: Main process exited, code=exited, status=1/FAILURE",Cron Job,WARNING:575;DEBUG:30012;INFO:2981;ERROR:285
2026/01/31 - 00:10:50,ERROR,/var/log/syslog,2026-01-31T00:10:50.918329+03:00 creemanPC gvfsd-network[5022]: Couldn't create directory monitor on wsdd:///. Error: Automount failed: Failed to spawn the underlying wsdd daemon.,Cron Job,WARNING:575;DEBUG:30012;INFO:2981;ERROR:285
2026/01/31 - 00:12:33,ERROR,/var/log/syslog,2026-01-31T00:12:33.584442+03:00 creemanPC kernel: traps: antigravity[4424] general protection fault ip:7b8ca719f606 sp:7ffc2f6a1530 error:0 in watcher.node[7b8ca717c000+4e000],Cron Job,WARNING:575;DEBUG:30012;INFO:2981;ERROR:285
2026/01/31 - 00:12:38,ERROR,/var/log/syslog,2026-01-31T00:12:38.545432+03:00 creemanPC kernel: traps: antigravity[5185] general protection fault ip:7e603e79f606 sp:7ffec90194d0 error:0 in watcher.node[7e603e77c000+4e000],Cron Job,WARNING:575;DEBUG:30012;INFO:2981;ERROR:285
2026/01/31 - 00:35:12,ERROR,/var/log/syslog,2026-01-31T00:35:12.435468+03:00 creemanPC kernel: traps: antigravity[5380] general protection fault ip:787f154af606 sp:7fff42097080 error:0 in watcher.node[787f1548c000+4e000],Cron Job,WARNING:575;DEBUG:30012;INFO:2981;ERROR:285
2026/01/31 - 11:40:42,ERROR,/var/log/syslog,"2026-01-31T11:40:42.099378+03:00 creemanPC kernel: ACPI BIOS Error (bug): Could not resolve symbol [\_SB.PC00.RP08.CMDR], AE_NOT_FOUND (20230628/psargs-332)",Cron Job,WARNING:575;DEBUG:30012;INFO:2981;ERROR:285
2026/01/31 - 11:40:42,ERROR,/var/log/syslog,2026-01-31T11:40:42.099555+03:00 creemanPC kernel: ACPI Error: Aborting method \_SB.PC00.RP05.PCRP._ON due to previous error (AE_NOT_FOUND) (20230628/psparse-529),Cron Job,WARNING:575;DEBUG:30012;INFO:2981;ERROR:285
2026/01/31 - 11:40:42,ERROR,/var/log/syslog,2026-01-31T11:40:42.101512+03:00 creemanPC kernel: unchecked MSR access error: WRMSR to 0xd10 (tried to write 0x000000000000ffff) at rIP: 0xffffffffa06c6c04 (native_write_msr+0x4/0x40),Cron Job,WARNING:575;DEBUG:30012;INFO:2981;ERROR:285
2026/01/31 - 11:40:42,ERROR,/var/log/syslog,2026-01-31T11:40:42.103613+03:00 creemanPC kernel: EDAC igen6 MC1: HANDLING IBECC MEMORY ERROR,Cron Job,WARNING:575;DEBUG:30012;INFO:2981;ERROR:285
2026/01/31 - 11:40:42,ERROR,/var/log/syslog,2026-01-31T11:40:42.103616+03:00 creemanPC kernel: EDAC igen6 MC0: HANDLING IBECC MEMORY ERROR,Cron Job,WARNING:575;DEBUG:30012;INFO:2981;ERROR:285
2026/01/31 - 11:40:43,ERROR,/var/log/syslog,"2026-01-31T11:40:43.382094+03:00 creemanPC containerd[1239]: time=""2026-01-31T11:40:43.382069228+03:00"" level=info msg=""skip loading plugin"" error=""no scratch file generator: skip plugin"" id=io.containerd.snapshotter.v1.blockfile type=io.containerd.snapshotter.v1",Cron Job,WARNING:575;DEBUG:30012;INFO:2981;ERROR:285
2026/01/31 - 11:40:43,ERROR,/var/log/syslog,"2026-01-31T11:40:43.382256+03:00 creemanPC containerd[1239]: time=""2026-01-31T11:40:43.382227939+03:00"" level=info msg=""skip loading plugin"" error=""path /var/lib/containerd/io.containerd.snapshotter.v1.btrfs (ext4) must be a btrfs filesystem to be used with the btrfs snapshotter: skip plugin"" id=io.containerd.snapshotter.v1.btrfs type=io.containerd.snapshotter.v1",Cron Job,WARNING:575;DEBUG:30012;INFO:2981;ERROR:285
2026/01/31 - 11:40:43,ERROR,/var/log/syslog,"2026-01-31T11:40:43.382305+03:00 creemanPC containerd[1239]: time=""2026-01-31T11:40:43.382256405+03:00"" level=info msg=""skip loading plugin"" error=""devmapper not configured: skip plugin"" id=io.containerd.snapshotter.v1.devmapper type=io.containerd.snapshotter.v1",Cron Job,WARNING:575;DEBUG:30012;INFO:2981;ERROR:285
2026/01/31 - 11:40:43,ERROR,/var/log/syslog,"2026-01-31T11:40:43.382524+03:00 creemanPC containerd[1239]: time=""2026-01-31T11:40:43.382499932+03:00"" level=info msg=""skip loading plugin"" error=""EROFS unsupported, please `modprobe erofs`: skip plugin"" id=io.containerd.snapshotter.v1.erofs type=io.containerd.snapshotter.v1",Cron Job,WARNING:575;DEBUG:30012;INFO:2981;ERROR:285
2026/01/31 - 11:40:43,ERROR,/var/log/syslog,"2026-01-31T11:40:43.382988+03:00 creemanPC containerd[1239]: time=""2026-01-31T11:40:43.382943891+03:00"" level=info msg=""skip loading plugin"" error=""lstat /var/lib/containerd/io.containerd.snapshotter.v1.zfs: no such file or directory: skip plugin"" id=io.containerd.snapshotter.v1.zfs type=io.containerd.snapshotter.v1",Cron Job,WARNING:575;DEBUG:30012;INFO:2981;ERROR:285
2026/01/31 - 11:40:43,ERROR,/var/log/syslog,"2026-01-31T11:40:43.422182+03:00 creemanPC containerd[1239]: time=""2026-01-31T11:40:43.422121759+03:00"" level=info msg=""skip loading plugin"" error=""failed to check mkfs.erofs availability: failed to run mkfs.erofs --help: exec: \""mkfs.erofs\"": executable file not found in $PATH: skip plugin"" id=io.containerd.differ.v1.erofs type=io.containerd.differ.v1",Cron Job,WARNING:575;DEBUG:30012;INFO:2981;ERROR:285
2026/01/31 - 11:40:43,ERROR,/var/log/syslog,"2026-01-31T11:40:43.425473+03:00 creemanPC containerd[1239]: time=""2026-01-31T11:40:43.425399979+03:00"" level=info msg=""skip loading plugin"" error=""skip plugin: tracing endpoint not configured"" id=io.containerd.tracing.processor.v1.otlp type=io.containerd.tracing.processor.v1",Cron Job,WARNING:575;DEBUG:30012;INFO:2981;ERROR:285
2026/01/31 - 11:40:43,ERROR,/var/log/syslog,"2026-01-31T11:40:43.425600+03:00 creemanPC containerd[1239]: time=""2026-01-31T11:40:43.425450374+03:00"" level=info msg=""skip loading plugin"" error=""skip plugin: tracing endpoint not configured"" id=io.containerd.internal.v1.tracing type=io.containerd.internal.v1",Cron Job,WARNING:575;DEBUG:30012;INFO:2981;ERROR:285
2026/01/31 - 11:40:45,ERROR,/var/log/syslog,2026-01-31T11:40:45.357414+03:00 creemanPC pipewire[1332]: mod.jackdbus-detect: Failed to receive jackdbus reply: org.freedesktop.DBus.Error.ServiceUnknown: The name org.jackaudio.service was not provided by any .service files,Cron Job,WARNING:575;DEBUG:30012;INFO:2981;ERROR:285
2026/01/31 - 11:40:45,ERROR,/var/log/syslog,2026-01-31T11:40:45.931789+03:00 creemanPC wireplumber[1336]: <WpPortalPermissionStorePlugin:0x55c3191101c0> Failed to call Lookup: GDBus.Error:org.freedesktop.portal.Error.NotFound: No entry for camera,Cron Job,WARNING:575;DEBUG:30012;INFO:2981;ERROR:285
2026/01/31 - 11:40:49,ERROR,/var/log/syslog,"2026-01-31T11:40:49.344260+03:00 creemanPC dockerd[2209]: time=""2026-01-31T11:40:49.344070201+03:00"" level=info msg=""Deleting nftables IPv4 rules"" error=""exit status 1""",Cron Job,WARNING:575;DEBUG:30012;INFO:2981;ERROR:285
2026/01/31 - 11:40:49,ERROR,/var/log/syslog,"2026-01-31T11:40:49.359764+03:00 creemanPC dockerd[2209]: time=""2026-01-31T11:40:49.359539923+03:00"" level=info msg=""Deleting nftables IPv6 rules"" error=""exit status 1""",Cron Job,WARNING:575;DEBUG:30012;INFO:2981;ERROR:285
2026/01/31 - 11:40:50,ERROR,/var/log/syslog,"2026-01-31T11:40:50.334714+03:00 creemanPC systemd[1]: casper-md5check.service: Main process exited, code=exited, status=1/FAILURE",Cron Job,WARNING:575;DEBUG:30012;INFO:2981;ERROR:285
2026/01/31 - 13:12:04,ERROR,/var/log/syslog,2026-01-31T13:12:04.569245+03:00 creemanPC cinnamon-screensaver-pam-helper: pam_ecryptfs: seteuid error,Cron Job,WARNING:575;DEBUG:30012;INFO:2981;ERROR:285
2026/01/31 - 13:12:34,ERROR,/var/log/syslog,2026-01-31T13:12:34.657581+03:00 creemanPC org.cinnamon.ScreenSaver[14238]: Error in sys.excepthook:,Cron Job,WARNING:575;DEBUG:30012;INFO:2981;ERROR:285
2026/01/31 - 13:12:34,ERROR,/var/log/syslog,2026-01-31T13:12:34.658603+03:00 creemanPC org.cinnamon.ScreenSaver[14238]: Error in sys.excepthook:,Cron Job,WARNING:575;DEBUG:30012;INFO:2981;ERROR:285
2026/01/31 - 13:12:34,ERROR,/var/log/syslog,2026-01-31T13:12:34.658719+03:00 creemanPC org.cinnamon.ScreenSaver[14238]: Error in sys.excepthook:,Cron Job,WARNING:575;DEBUG:30012;INFO:2981;ERROR:285
2026/01/31 - 13:40:54,ERROR,/var/log/syslog,"2026-01-31T13:40:54.150844+03:00 creemanPC touchegg[880]: libinput error: event19 - Compx 2.4G Wireless Receiver: client bug: event processing lagging behind by 21ms, your system is too slow",Cron Job,WARNING:575;DEBUG:30012;INFO:2981;ERROR:285
2026/01/31 - 13:41:58,ERROR,/var/log/syslog,"2026-01-31T13:41:58.379339+03:00 creemanPC dockerd[2209]: time=""2026-01-31T13:41:58.379195689+03:00"" level=info msg=""stopping event stream following graceful shutdown"" error=""<nil>"" module=libcontainerd namespace=moby",Cron Job,WARNING:575;DEBUG:30012;INFO:2981;ERROR:285
2026/01/31 - 13:41:58,ERROR,/var/log/syslog,"2026-01-31T13:41:58.380074+03:00 creemanPC dockerd[2209]: time=""2026-01-31T13:41:58.379641250+03:00"" level=info msg=""stopping event stream following graceful shutdown"" error=""context canceled"" module=libcontainerd namespace=plugins.moby",Cron Job,WARNING:575;DEBUG:30012;INFO:2981;ERROR:285
2026/01/31 - 13:41:58,ERROR,/var/log/syslog,"2026-01-31T13:41:58.661252+03:00 creemanPC dockerd[82543]: time=""2026-01-31T13:41:58.660971852+03:00"" level=info msg=""Deleting nftables IPv4 rules"" error=""exit status 1""",Cron Job,WARNING:575;DEBUG:30012;INFO:2981;ERROR:285
2026/01/31 - 13:41:58,ERROR,/var/log/syslog,"2026-01-31T13:41:58.678339+03:00 creemanPC dockerd[82543]: time=""2026-01-31T13:41:58.677860045+03:00"" level=info msg=""Deleting nftables IPv6 rules"" error=""exit status 1""",Cron Job,WARNING:575;DEBUG:30012;INFO:2981;ERROR:285
2026/01/31 - 15:49:41,ERROR,/var/log/syslog,2026-01-31T15:49:41.790100+03:00 creemanPC cinnamon-screensaver-pam-helper: pam_ecryptfs: seteuid error,Cron Job,WARNING:575;DEBUG:30012;INFO:2981;ERROR:285
2026/01/31 - 15:50:11,ERROR,/var/log/syslog,2026-01-31T15:50:11.860800+03:00 creemanPC org.cinnamon.ScreenSaver[133032]: Error in sys.excepthook:,Cron Job,WARNING:575;DEBUG:30012;INFO:2981;ERROR:285
2026/01/31 - 15:50:11,ERROR,/var/log/syslog,2026-01-31T15:50:11.860984+03:00 creemanPC org.cinnamon.ScreenSaver[133032]: Error in sys.excepthook:,Cron Job,WARNING:575;DEBUG:30012;INFO:2981;ERROR:285
2026/01/31 - 15:50:11,ERROR,/var/log/syslog,2026-01-31T15:50:11.861049+03:00 creemanPC org.cinnamon.ScreenSaver[133032]: Error in sys.excepthook:,Cron Job,WARNING:575;DEBUG:30012;INFO:2981;ERROR:285
2026/01/31 - 16:50:06,ERROR,/var/log/syslog,2026-01-31T16:50:06.271255+03:00 creemanPC cinnamon-screensaver-pam-helper: pam_ecryptfs: seteuid error,Cron Job,WARNING:575;DEBUG:30012;INFO:2981;ERROR:285
2026/01/31 - 16:50:36,ERROR,/var/log/syslog,2026-01-31T16:50:36.356691+03:00 creemanPC org.cinnamon.ScreenSaver[181046]: Error in sys.excepthook:,Cron Job,WARNING:575;DEBUG:30012;INFO:2981;ERROR:285
2026/01/31 - 16:50:36,ERROR,/var/log/syslog,2026-01-31T16:50:36.357622+03:00 creemanPC org.cinnamon.ScreenSaver[181046]: Error in sys.excepthook:,Cron Job,WARNING:575;DEBUG:30012;INFO:2981;ERROR:285
2026/01/31 - 16:50:36,ERROR,/var/log/syslog,2026-01-31T16:50:36.357704+03:00 creemanPC org.cinnamon.ScreenSaver[181046]: Error in sys.excepthook:,Cron Job,WARNING:575;DEBUG:30012;INFO:2981;ERROR:285
2026/01/31 - 17:04:34,ERROR,/var/log/syslog,2026-01-31T17:04:34.152609+03:00 creemanPC gvfsd-network[189899]: Couldn't create directory monitor on wsdd:///. Error: Automount failed: Failed to spawn the underlying wsdd daemon.,Cron Job,WARNING:575;DEBUG:30012;INFO:2981;ERROR:285
2026/01/31 - 18:29:18,ERROR,/var/log/syslog,2026-01-31T18:29:18.687411+03:00 creemanPC cinnamon-screensaver-pam-helper: pam_ecryptfs: seteuid error,Cron Job,WARNING:575;DEBUG:30012;INFO:2981;ERROR:285
2026/01/31 - 18:29:48,ERROR,/var/log/syslog,2026-01-31T18:29:48.753218+03:00 creemanPC org.cinnamon.ScreenSaver[197480]: Error in sys.excepthook:,Cron Job,WARNING:575;DEBUG:30012;INFO:2981;ERROR:285
2026/01/31 - 18:29:48,ERROR,/var/log/syslog,2026-01-31T18:29:48.753806+03:00 creemanPC org.cinnamon.ScreenSaver[197480]: Error in sys.excepthook:,Cron Job,WARNING:575;DEBUG:30012;INFO:2981;ERROR:285
2026/01/31 - 18:29:48,ERROR,/var/log/syslog,2026-01-31T18:29:48.753864+03:00 creemanPC org.cinnamon.ScreenSaver[197480]: Error in sys.excepthook:,Cron Job,WARNING:575;DEBUG:30012;INFO:2981;ERROR:285
2026/01/31 - 22:44:38,ERROR,/var/log/syslog,2026-01-31T22:44:38.540107+03:00 creemanPC cinnamon-screensaver-pam-helper: pam_ecryptfs: seteuid error,Cron Job,WARNING:575;DEBUG:30012;INFO:2981;ERROR:285
2026/01/31 - 22:45:08,ERROR,/var/log/syslog,2026-01-31T22:45:08.609917+03:00 creemanPC org.cinnamon.ScreenSaver[248947]: Error in sys.excepthook:,Cron Job,WARNING:575;DEBUG:30012;INFO:2981;ERROR:285
2026/01/31 - 22:45:08,ERROR,/var/log/syslog,2026-01-31T22:45:08.610360+03:00 creemanPC org.cinnamon.ScreenSaver[248947]: Error in sys.excepthook:,Cron Job,WARNING:575;DEBUG:30012;INFO:2981;ERROR:285
2026/01/31 - 22:45:08,ERROR,/var/log/syslog,2026-01-31T22:45:08.610458+03:00 creemanPC org.cinnamon.ScreenSaver[248947]: Error in sys.excepthook:,Cron Job,WARNING:575;DEBUG:30012;INFO:2981;ERROR:285
2026/01/31 - 23:34:32,ERROR,/var/log/syslog,2026-01-31T23:34:32.105453+03:00 creemanPC dockerd[82543]: 2026/01/31 23:34:32 http2: server: error reading preface from client @: read unix /run/docker.sock->@: read: connection reset by peer,Cron Job,WARNING:575;DEBUG:30012;INFO:2981;ERROR:285
